Questions,Answer,Advtype,Category,Composing Seen Clues,Irrelevant / Novel Clues,Multi-Step Reasoning,Location Misdirection,Temporal Misdirection,Logic & Calculation,Crosslingual,Negation,Domain Expertise,Commonsense / General Knowledge
How many non-pet characters live in SpongeBob's neighborhood?,3,Negation,TV and Film,FALSE,FALSE,FALSE,FALSE,FALSE,TRUE,FALSE,TRUE,FALSE,FALSE
Which political party governs the country directly south of Botswana?,African National Congress,Location Misalignment,History,FALSE,FALSE,TRUE,TRUE,FALSE,FALSE,FALSE,FALSE,FALSE,TRUE
"In the 1920s, a tiger, a kangaroo, a donkey, a pig, and a bear were bought from Harrods in London. Who was this buyer?",AA Milne,Composing Seen Clues,Literature,FALSE,FALSE,FALSE,FALSE,FALSE,FALSE,FALSE,FALSE,FALSE,TRUE
"What company launched their first advertisement campaign during the 1984 Super Bowl that was inspired by George Orwell's dystopian novel ""1984""?",Apple,Multi-Step Reasoning,Miscellaneous,FALSE,TRUE,TRUE,FALSE,FALSE,FALSE,FALSE,FALSE,FALSE,FALSE
What soldiers would bite during surgical procedures lacking anesthetics is also the name of what extinct NBA team?,Bullets,Multi-Step Reasoning,Sport,FALSE,FALSE,FALSE,FALSE,FALSE,FALSE,FALSE,FALSE,TRUE,TRUE
"What vegetable did Julio Cortazar compare to ""the eye of an insect magnified a thousand times"" and the ""vegetable brain"" in his literary works?.",Cauliflower,Composing Seen Clues,Lifestyle,FALSE,FALSE,FALSE,FALSE,FALSE,FALSE,FALSE,FALSE,TRUE,FALSE
A play by Arthur Miller accounts what series of legal proceedings that accused over 200 individuals of consorting with the Devil in late 17th century New England?,Salem Witch Trials,Domain Expert Knowledge,History,FALSE,FALSE,TRUE,FALSE,FALSE,FALSE,FALSE,FALSE,TRUE,FALSE
"Suppose you have the series 4/1, minus 4/3, plus 4/5, minus 4/7 and so on (4 over odd numbers with alternating sign). What is the sum of this series?",pi (this is the Taylor expansion for arctangent multiplied by four),Logic & Calculation,Miscellaneous,FALSE,FALSE,FALSE,FALSE,FALSE,TRUE,FALSE,FALSE,TRUE,FALSE
Who did not win the 1969 prize for an experiment that confirmed that DNA carried genetic information?,"Martha Chase (her boss, Alfred Hershey did)",Composing Seen Clues,History,FALSE,FALSE,TRUE,FALSE,FALSE,FALSE,FALSE,TRUE,TRUE,FALSE
Suppose you are in the Spanish town of Llivia and you start walking until you reach another country. What country would you enter?,France (Llivia is an exclave surrounded by France),Multi-Step Reasoning,Geography,FALSE,FALSE,FALSE,TRUE,FALSE,TRUE,FALSE,FALSE,FALSE,TRUE
"Despite a childhood accident that left his shoulders permanently crooked, what Lebanese-American author of a work that entered the public domain in 2019 became famous for his poetry and subtle influence on New Age philosophy?",Gibran Khalil Gibran/Khalil Gibran,Multi-Step Reasoning,Literature,FALSE,FALSE,TRUE,FALSE,FALSE,FALSE,FALSE,FALSE,TRUE,FALSE
What was the new feature installed in 1899 on the building of a New York restaurant for the first time ever?,Revolving Door,Composing Seen Clues,History,FALSE,FALSE,TRUE,FALSE,FALSE,FALSE,FALSE,FALSE,FALSE,TRUE
"What phrase is common to the title of novel featuring a fictional Nat King Cole recording, a Gene Autry film and song, and an I-95 attraction between the Carolinas?",South of the Border,Composing Seen Clues,Music,FALSE,TRUE,TRUE,FALSE,FALSE,FALSE,FALSE,FALSE,FALSE,FALSE
What meme that features a man sitting in a chair next to an unlit cigar and in front of a fireplace came from the Last Dance?,and I took that personally,Commonsense Knowledge,TV and Film,TRUE,FALSE,FALSE,FALSE,FALSE,FALSE,FALSE,FALSE,FALSE,TRUE
"This Calculus theorem requires continuity on a closed interval between two points, a and b, as well as differentiability. What theorem, which requires the functional values of a and b to match, produces that a point between the open interval has a derivative of zero?","[""Rolle's Theorem""]",Composing Seen Clues,Science,TRUE,FALSE,FALSE,FALSE,FALSE,TRUE,FALSE,FALSE,TRUE,FALSE
"This book was created by a known author who creates children's books, one of which has a creature who ""speaks for the trees"" Name the book by the same author whose title consists of a type of aquatic creature, two colors of the rainbow, and numbers.","One Fish, Two Fish, Red Fish, Blue Fish",Composing Seen Clues,Literature,TRUE,FALSE,FALSE,FALSE,FALSE,TRUE,FALSE,FALSE,FALSE,TRUE
"This cheerful duo sings in a musical which repeats a phrase about the lack of trouble, in an East African language, while on the protagonist's journey home. What is the name of this duo?",Timon and Pumbaa,Composing Seen Clues,TV and Film,FALSE,FALSE,TRUE,FALSE,FALSE,FALSE,FALSE,FALSE,FALSE,TRUE
"In which novel, written by an author who was originally a botanist and born in Cuba, features a fictitious conversation between a merchant who travelled a road that was known by a smooth natural material and an emperor who loved to write Chinese poetry, both of which are actual people in history?",Invisible Cities,Novel Clues,Literature,TRUE,FALSE,TRUE,FALSE,FALSE,FALSE,FALSE,FALSE,TRUE,FALSE
"Which American alternative pop singer, who rose to popularity in 2012 after appearing on The Voice, shares her name with a song written by Toto in 1999?",Melanie Martinez,Composing Seen Clues,Music,TRUE,FALSE,FALSE,FALSE,TRUE,FALSE,FALSE,FALSE,FALSE,TRUE
Who was the woman soccer player known to have the third most international goals scored on the United States national team as of 2017?,Mia Hamm,Logic & Calculation,Sport,FALSE,FALSE,FALSE,FALSE,TRUE,FALSE,FALSE,FALSE,TRUE,FALSE
What is the name of the first mosque in the world that was built by Prophet Muhammed (s.a.w) during his hijrah from Mecca to Medina?,Quba Masjid,Composing Seen Clues,History,FALSE,FALSE,FALSE,FALSE,FALSE,FALSE,FALSE,FALSE,FALSE,TRUE
"What song refers to this popular singer's breakup with her ex-partner, who called her 23 times and then proceeded to marry a model two months after they broke up?",Ring,Composing Seen Clues,Music,TRUE,FALSE,FALSE,FALSE,FALSE,FALSE,FALSE,FALSE,FALSE,TRUE
A large portion of the sequence for the reference genome for the International Human Genome Sequencing Consortium in the human genome project came from a man from which US city?,"Buffalo, New York",Multi-Step Reasoning,Science,FALSE,FALSE,TRUE,FALSE,FALSE,FALSE,FALSE,FALSE,TRUE,FALSE
What U.S. criminal and world champion of his sport violated a United Nations sanction in 1992 and proceeded to live in Asia and Europe?,Bobby Fischer or Robert James Fischer,Composing Seen Clues,Sport,FALSE,FALSE,FALSE,FALSE,FALSE,FALSE,FALSE,FALSE,FALSE,TRUE
Who raised a bird in the Shawshank Redemption,Brooks Hatlen,Commonsense Knowledge,TV and Film,FALSE,FALSE,FALSE,FALSE,FALSE,FALSE,FALSE,FALSE,FALSE,TRUE
What is awarded to the opposing team after a player scores in their own goal during a kickoff in soccer?,Corner Kick,Multi-Step Reasoning,Sport,FALSE,FALSE,FALSE,FALSE,FALSE,FALSE,FALSE,FALSE,FALSE,TRUE
What cardinal direction on a compass can not be found in the name of a US state?,East,Logic & Calculation,Geography,FALSE,FALSE,FALSE,FALSE,FALSE,FALSE,FALSE,TRUE,FALSE,TRUE
This country is the first country to develop the voicemail technology and is home to the largest known dog cemetery of the ancient world.,Israel,Composing Seen Clues,Geography,TRUE,FALSE,FALSE,FALSE,FALSE,FALSE,FALSE,FALSE,FALSE,TRUE
Name the country whose capital is named after the American president who introduced his namesake doctrine regarding the independence of Latin America.,Liberia,Logic & Calculation,Geography,FALSE,FALSE,TRUE,FALSE,FALSE,FALSE,FALSE,FALSE,TRUE,FALSE
"For 10 points, name the title character of the 2022 Best Picture nominee about a fictional conductor who was mentored by Leonard Bernstein.",Lydia Tar,Temporal Misalignment,TV and Film,FALSE,FALSE,TRUE,FALSE,FALSE,FALSE,FALSE,FALSE,FALSE,TRUE
This city was once named after a man born Ioseb Besarionis dze Jughashvili,Volgograd,Multi-Step Reasoning,Miscellaneous,FALSE,FALSE,FALSE,FALSE,FALSE,FALSE,TRUE,FALSE,FALSE,TRUE
This company was co-founded in 1977 by the man who in May 2016 donated 200 million to the University of Southern California for establishing a cancer research center,Oracle Corporation,Multi-Step Reasoning,Miscellaneous,FALSE,TRUE,TRUE,FALSE,FALSE,FALSE,FALSE,FALSE,FALSE,FALSE
"This is the most common medication used to treat the disease that killed Vasco da Game, Pope Urban VII, and Oliver Cromwell",Quinine,Multi-Step Reasoning,Science,FALSE,FALSE,TRUE,FALSE,FALSE,FALSE,FALSE,FALSE,FALSE,TRUE
"This player's famous nickname came about when he threw with such velocity that a nearly fence looked as if it had been hit by a large air mass that rotates around a strong center of low atmospheric pressure, counterclockwise in the Northern Hemisphere",Cy Young,Multi-Step Reasoning,Sport,FALSE,FALSE,TRUE,FALSE,FALSE,TRUE,FALSE,FALSE,TRUE,FALSE
"This man is credited with coining the terms Cubism, Orphism, and Surrealism",Guillaume Apollinaire,Novel Clues,Art,FALSE,FALSE,FALSE,FALSE,FALSE,FALSE,FALSE,FALSE,FALSE,TRUE
This character has a version of Andy's Warhol's Shot Marilyn's hanging in his bedroom. This version features horseshoes.,BoJack Horseman,Domain Expert Knowledge,Art,TRUE,FALSE,TRUE,FALSE,FALSE,FALSE,FALSE,FALSE,FALSE,FALSE
"This university, founded by a railroad tycoon in 1885, has a tree as its unofficial mascot",Stanford University,Composing Seen Clues,Miscellaneous,FALSE,TRUE,TRUE,FALSE,FALSE,FALSE,FALSE,FALSE,FALSE,TRUE
"This athlete returned to his primary sport after playing baseball with a two word press release that read ""I'm back""",Michael Jordan,Multi-Step Reasoning,Sport,FALSE,FALSE,FALSE,FALSE,FALSE,FALSE,FALSE,FALSE,FALSE,TRUE
"This country's name means ""equator"" in Spanish",Ecuador,Domain Expert Knowledge,Geography,FALSE,FALSE,TRUE,FALSE,FALSE,FALSE,TRUE,FALSE,FALSE,TRUE
"According to a famous holiday song by Adam Sandler, OJ Simpson is not a believer in this world religion",Judaism,Negation,Miscellaneous,FALSE,FALSE,TRUE,FALSE,FALSE,FALSE,FALSE,FALSE,FALSE,TRUE
This actor is known for hitting another famous person after the other person made a joke about his wife's lack of hair at the Oscars in 2022,Will Smith,Multi-Step Reasoning,TV and Film,FALSE,FALSE,FALSE,FALSE,FALSE,FALSE,FALSE,FALSE,FALSE,TRUE
"A person with this title used the topayauri (scepter), ushno (golden throne), and suntur páucar (feathered pike).",Sapa Inca,Composing Seen Clues,History,FALSE,FALSE,FALSE,FALSE,FALSE,FALSE,TRUE,FALSE,TRUE,FALSE
"Who wrote a novel featuring Mugo, an introverted villager of Thabai","[""Ngũgĩ wa Thiong'o""]",Domain Expert Knowledge,Literature,FALSE,FALSE,FALSE,FALSE,FALSE,FALSE,TRUE,FALSE,TRUE,FALSE
"This city is the birthplace of a candidate whose opponent called him ""Sleepy Joe""","Scranton, Pennsylvania",Multi-Step Reasoning,Miscellaneous,FALSE,FALSE,TRUE,FALSE,FALSE,FALSE,FALSE,FALSE,FALSE,TRUE
"Several of this author's curious books have onomatopoeia in the title. Perhaps if the onomatopoeia were in the author's name instead of the title, you'd find the word ""Scuttle"" or ""Hiss"" on the cover instead. What is the author's name?",Mary Roach,Composing Seen Clues,Literature,FALSE,FALSE,TRUE,FALSE,FALSE,TRUE,FALSE,TRUE,FALSE,TRUE
"Chemists know that these organic compounds feature four rings with a variety of bonds. Baseball fans associate this class of organic compounds with Barry Bonds, who has no rings.",Steroid,Composing Seen Clues,Science,TRUE,FALSE,FALSE,FALSE,FALSE,FALSE,FALSE,FALSE,FALSE,TRUE
"The seven actors in this film have 6 Oscars, 6 Tonys, and 13 Golden Globes between them; nobody could claim that ""the leads are weak"". Despite all of that star power and a Pulitzer-winning script, though, the film adaptation couldn't close the deal, and won only a minor award at Venice.",Glengarry Glen Ross,Novel Clues,TV and Film,TRUE,FALSE,TRUE,FALSE,FALSE,FALSE,FALSE,FALSE,FALSE,TRUE
"Over 100 years before ""random forest"" was trademarked, and long before the invention of the transistor or digital computer, this bare-bones numerical approach was invented to help identify which variables in a high-dimensional data set are the most relevant. It is used in digital signal processing, mechanical engineering, predictive modeling, and data cleaning for machine learning.",Principal component analysis,Multi-Step Reasoning,Science,TRUE,FALSE,FALSE,FALSE,FALSE,FALSE,FALSE,FALSE,TRUE,FALSE
"This American group's now-iconic name was factually inaccurate when it was first applied to the group, in the early 1980s: not because any of the members were wild animals, but because the drummer at the time was a woman.",Beastie Boys,Temporal Misalignment,Music,FALSE,FALSE,FALSE,FALSE,FALSE,FALSE,FALSE,TRUE,FALSE,TRUE
"This NFL team did not have a starting quarterback in 1998, nor any players at the nose tackle or defensive end position, or in fact, any players or roster at all. Their fans once famously deployed a large three-piece banner in the end zone which read ""GPODAWUND"", because two sections of the sign had gotten swapped.",Cleveland Browns,Multi-Step Reasoning,Sport,TRUE,FALSE,FALSE,FALSE,FALSE,FALSE,FALSE,FALSE,TRUE,FALSE
"This semi-mythical American trickster figure, merry prankster, and sledgehammer juggler was not much of an author or poet himself. Nonetheless he became the inspiration for characters in Ken Kesey and Jack Kerouac's books, and he shows up by name in songs by Tom Waits, the Grateful Dead, and Death Cab for Cutie.",Neal Cassady,Composing Seen Clues,Literature,FALSE,FALSE,FALSE,FALSE,FALSE,FALSE,FALSE,TRUE,TRUE,FALSE
"If a librarian were making a list of Wikipedia articles which are not self-referential, it's a good bet that an article about this puzzling discovery in set theory would not make the list. On the other hand, after some reflection, you might decide that it must go on the list. Or perhaps you'd then feel compelled to remove it.","[""Russell's paradox""]",Novel Clues,Miscellaneous,TRUE,FALSE,FALSE,FALSE,FALSE,FALSE,FALSE,FALSE,TRUE,FALSE
"Some experts object to all versions of this grammatical construct, but others are more flexible. Hopefully, you'll be able to identify it from these examples. It should be easier than shooting an elephant in your pajamas.",Dangling modifier,Novel Clues,Miscellaneous,FALSE,TRUE,FALSE,FALSE,FALSE,FALSE,FALSE,FALSE,FALSE,TRUE
"The 1973 Thomas Rockwell novel for children, about a school boy who loses a gross dare, was written in America. However, a similarly-titled religious edict published in 1521 hails from this old European city of about 80,000.","Worms, Germany",Location Misalignment,Literature,FALSE,TRUE,FALSE,FALSE,FALSE,FALSE,FALSE,FALSE,FALSE,TRUE
"Elementary students learn the spelling of this not-so-peaceful body of water with the mnemonic ""Pa, See if I see.""",Pacific Ocean,Crosslingual,Miscellaneous,FALSE,FALSE,FALSE,FALSE,FALSE,FALSE,FALSE,FALSE,FALSE,TRUE
"This island once exported chunks of semi-precious silicate stone used as currency throughout the region almost 4,000 years ago. While its primary currency is much less ubiquitous today, its modern silicon exports are still semi-precious to all its trading partners.",Taiwan,Composing Seen Clues,Lifestyle,TRUE,FALSE,FALSE,FALSE,FALSE,FALSE,FALSE,FALSE,FALSE,TRUE
"If you found yourself on an island where two different one-peso coins circulated, and laid one of each of them side by side, they'd nearly be as large as the smallest bird you could find on that same island. Those two pesos are drastically different in value though, at a ratio of almost 25 to 1. Where is the island?",Cuba,Multi-Step Reasoning,Miscellaneous,FALSE,FALSE,FALSE,TRUE,FALSE,TRUE,FALSE,FALSE,FALSE,FALSE
"This famous Roman heavenly twin is technically the Alpha, but is outshone by his brother the Beta, possibly because the latter had Zeus for a father.",Castor (star),Novel Clues,Literature,TRUE,FALSE,FALSE,FALSE,FALSE,FALSE,FALSE,FALSE,FALSE,TRUE
"Despite its association with a wall begun in 122 by a Roman Emperor, a 1237 treaty fixed what geo-political concept to be a river that enters the Sea at Berwick?",Scottish-English Border,Location Misalignment,History,FALSE,FALSE,FALSE,TRUE,FALSE,FALSE,FALSE,FALSE,TRUE,FALSE
"What short-lived government (in contrast, its successor lasted nearly 300 years with a brief interruption) has a name that literally means ""to follow"" and built a large waterway that connected two of its country's major bodies of water?",Sui Dynasty,Novel Clues,History,FALSE,FALSE,FALSE,FALSE,TRUE,FALSE,FALSE,FALSE,FALSE,TRUE
Whose face is on the bill worth 400 nickels?,Andrew Jackson,Novel Clues,Lifestyle,FALSE,FALSE,FALSE,FALSE,FALSE,FALSE,FALSE,FALSE,FALSE,TRUE
What astronomical object's pronunciation is controversial for potty-humor related reasons?,Uranus,Novel Clues,Miscellaneous,TRUE,FALSE,FALSE,FALSE,FALSE,FALSE,FALSE,FALSE,FALSE,TRUE
What lake gives its name to an entity that also borders 4 lakes to its west?,Lake Ontario,Composing Seen Clues,Geography,FALSE,FALSE,FALSE,TRUE,FALSE,FALSE,FALSE,FALSE,FALSE,TRUE
Ian Smith's country's national anthem replaced a poem by what man with new lyrics?,Friedrich Schiller,Crosslingual,Music,FALSE,TRUE,FALSE,FALSE,FALSE,FALSE,FALSE,FALSE,FALSE,TRUE
What city's MLB team sounds like the name of a female horse?,Philadelphia,Multi-Step Reasoning,Sport,FALSE,FALSE,FALSE,FALSE,FALSE,FALSE,FALSE,FALSE,FALSE,TRUE
"Take away four from a group including Barnard and Smith, and you get what play?",Three Sisters (play),Composing Seen Clues,Lifestyle,FALSE,FALSE,FALSE,FALSE,FALSE,FALSE,FALSE,FALSE,FALSE,TRUE
What place provides a rhyme for the title in the Rogers and Hart song Manhattan?,Staten Island,Location Misalignment,Music,FALSE,FALSE,FALSE,FALSE,FALSE,FALSE,FALSE,FALSE,FALSE,TRUE
Christopher Paolini's first fantasy novel is a homophone of what Iberian region?,Aragon,Multi-Step Reasoning,Literature,FALSE,FALSE,FALSE,FALSE,FALSE,FALSE,FALSE,FALSE,TRUE,TRUE
A character named for what general often wears a campaign shirt for Pedro?,Napoleon,Multi-Step Reasoning,History,FALSE,FALSE,FALSE,FALSE,FALSE,FALSE,FALSE,FALSE,FALSE,TRUE
The national capital closest to the South Pole is named for what man?,"Arthur Wellesley, 1st Duke of Wellington",Multi-Step Reasoning,Geography,FALSE,FALSE,FALSE,TRUE,FALSE,FALSE,FALSE,FALSE,FALSE,TRUE
On The Colbert Report a host from what channel is nicknamed Papa Bear?,Fox News,Novel Clues,TV and Film,FALSE,FALSE,TRUE,FALSE,FALSE,FALSE,FALSE,FALSE,FALSE,TRUE
Who was president when the original Star Wars came out?,Jimmy Carter,Novel Clues,History,FALSE,FALSE,TRUE,FALSE,FALSE,FALSE,FALSE,FALSE,FALSE,TRUE
Ice Cube compared his crime record to what man whose machinations left Roman Polanski a widower?,Charles Manson,Novel Clues,Miscellaneous,FALSE,FALSE,TRUE,FALSE,FALSE,FALSE,FALSE,FALSE,FALSE,TRUE
Batman's first name was inspired by what important medieval figure?,Robert the Bruce,Multi-Step Reasoning,History,FALSE,FALSE,FALSE,FALSE,FALSE,FALSE,FALSE,FALSE,FALSE,TRUE
Which musician made fun of Ronald Reagan for misinterpreting the message of one of his songs as patriotic?,Bruce Springsteen,Novel Clues,Music,FALSE,FALSE,TRUE,FALSE,FALSE,FALSE,FALSE,FALSE,FALSE,TRUE
The name of what African country is one letter different than the name of the capital of the Maldives?,Mali,Novel Clues,Geography,FALSE,FALSE,FALSE,FALSE,FALSE,TRUE,FALSE,FALSE,FALSE,TRUE
A German admiral sailing for Russia named what islands for an English captain and not for the librettist of the HMS Pinafore nor for the announcer of Jeopardy!,Gilbert Islands,Composing Seen Clues,History,FALSE,FALSE,FALSE,FALSE,FALSE,FALSE,FALSE,TRUE,FALSE,TRUE
"What ceremonial phrase started with an impatient mayor in September 1950 and does not date back to the origins of an annual festival 200 years ago? Either the English translation, the standard foreign form, or the local southern foreign dialect is fine.","O zapft is, It's tapped, Es ist angezapft",Composing Seen Clues,History,TRUE,FALSE,FALSE,FALSE,FALSE,FALSE,FALSE,FALSE,FALSE,TRUE
"""None of them knew the color of the sky"" is the opening sentence of a story by what author, who shares his last name with a type of long-necked bird?",Stephen Crane,Novel Clues,Literature,FALSE,TRUE,FALSE,FALSE,FALSE,FALSE,FALSE,FALSE,TRUE,FALSE
What 2022 movie is based on the adolescence of the director of Jurassic Park and Schindler's List?,The Fabelmans,Composing Seen Clues,TV and Film,FALSE,FALSE,FALSE,FALSE,FALSE,FALSE,FALSE,FALSE,FALSE,TRUE
What type of animal is the mascot of the university that was attended by running back Ron Dayne?,Badger,Novel Clues,Lifestyle,FALSE,FALSE,TRUE,FALSE,FALSE,FALSE,FALSE,FALSE,FALSE,TRUE
"What position is currently held by a former prime minister of Portugal, and has previously been held by a Swedish man who died in a 1961 plane crash?",Secretary-General of the United Nations,Multi-Step Reasoning,History,TRUE,FALSE,FALSE,FALSE,FALSE,FALSE,FALSE,FALSE,FALSE,TRUE
What Arabic number (e.g. 9 or 99) can be written as the sum of the Roman numerals CI and XVI?,117 (number),Logic & Calculation,Miscellaneous,FALSE,FALSE,FALSE,FALSE,FALSE,TRUE,FALSE,FALSE,FALSE,TRUE
"Which presidential election occurred 220 years after the one in which Thomas Jefferson defeated the incumbent, John Adams?",2020 United States presidential election,Multi-Step Reasoning,History,FALSE,FALSE,FALSE,FALSE,FALSE,FALSE,FALSE,FALSE,TRUE,TRUE
What war is named for a length of time equal to 84 months?,Seven Years' War,Logic & Calculation,History,FALSE,FALSE,FALSE,FALSE,FALSE,TRUE,FALSE,FALSE,FALSE,TRUE
What type of bond in chemistry shares its name with a number that is sometimes approximated as 22/7?,Pi bond,Novel Clues,Science,FALSE,FALSE,FALSE,FALSE,FALSE,TRUE,FALSE,FALSE,TRUE,FALSE
"What 19th century philosopher, whose first and middle name is reminiscent of the host of The Daily Show before Trevor Noah, has a last name that rhymes with bill?",John Stuart Mill,Multi-Step Reasoning,History,TRUE,FALSE,FALSE,FALSE,FALSE,FALSE,FALSE,FALSE,FALSE,TRUE
"What author wrote an 1881 novel whose four-word title is the same as the title of a T. S. Eliot poem, and a 1903 novel whose two-word title is the same as the title of a Hans Holbein painting?",Henry James,Multi-Step Reasoning,Literature,FALSE,FALSE,TRUE,FALSE,FALSE,FALSE,FALSE,FALSE,FALSE,TRUE
"A university, a culinary dish, and an airport code are the notable remaining users of what older form a city's name that officially starts with a ""B""?",Peking,Novel Clues,Geography,TRUE,FALSE,FALSE,FALSE,FALSE,FALSE,FALSE,FALSE,FALSE,TRUE
"Vincenzo from the drama of the same name, sits down with Hong Yu Chan to enjoy what libration whose name literally means ""to carelessly strain""",makgeolli,Multi-Step Reasoning,Miscellaneous,FALSE,TRUE,FALSE,FALSE,FALSE,FALSE,FALSE,FALSE,FALSE,TRUE
"What country shares a language with its more populous northern neighbor but in its written form omits a letter that looks like a Greek beta, writing the sound instead by doubling another letter? That character appears in that language's words for foot, big, outside, and street.",Swiss German,Composing Seen Clues,Geography,FALSE,FALSE,TRUE,FALSE,FALSE,FALSE,FALSE,FALSE,FALSE,TRUE
"If during weightlifting you load up your bar with two 20kg plates on each side and the standard olympic bar itself weighs the same as one of those plates, how much total weight would one lift?",100kg / 220 pounds,Logic & Calculation,Miscellaneous,FALSE,FALSE,FALSE,FALSE,FALSE,TRUE,FALSE,FALSE,FALSE,TRUE
"What 2000 film features the actors who played Batman from 2008's ""The Dark Night"", the Joker from 2016's ""Suicide Squad"", and the Green Goblin from 2002's Spiderman and was the directed by the same director as 2005's ""The Notorious Betty Paige""?",American Psycho,Multi-Step Reasoning,TV and Film,TRUE,FALSE,FALSE,FALSE,FALSE,FALSE,FALSE,FALSE,FALSE,TRUE
What country won the most recent world cup?,Argentina,Temporal Misalignment,Sport,FALSE,FALSE,FALSE,FALSE,FALSE,FALSE,FALSE,FALSE,FALSE,TRUE
Herodotus claims that the Persians used what animal against their foes at the battle of Pelusium?,cats,Domain Expert Knowledge,History,TRUE,FALSE,FALSE,FALSE,FALSE,FALSE,FALSE,FALSE,TRUE,FALSE
"In 2011, education minister Armen Ashotyan announced that what board game as a required subject in his nation's schools?",chess,Domain Expert Knowledge,Miscellaneous,FALSE,TRUE,FALSE,FALSE,FALSE,FALSE,FALSE,FALSE,FALSE,TRUE
"Bayer was the first company to combine what organic material with the contents of its Asprin bottles, which functions both as a dessecant and to prevent pills from breaking?",cotton balls (or rayon),Composing Seen Clues,Science,TRUE,FALSE,TRUE,FALSE,FALSE,FALSE,FALSE,FALSE,FALSE,FALSE
"In his memoirs, François Adrien Henri Dieudonné Thiébault described what man being attacked by a swarm of bunnies after a celibration of the Treaty of Tilsit?",Napoleon,Novel Clues,History,FALSE,FALSE,TRUE,FALSE,FALSE,FALSE,FALSE,FALSE,TRUE,FALSE
What country ceased to be the largest nation on its continent in 2011?,Sudan,Commonsense Knowledge,History,FALSE,FALSE,FALSE,FALSE,FALSE,FALSE,FALSE,FALSE,TRUE,TRUE
What pair who own 2000 bitcoin are portrayed as antagonists in the Social Network?,Winklevoss twins,Novel Clues,Miscellaneous,FALSE,FALSE,TRUE,FALSE,FALSE,FALSE,FALSE,FALSE,FALSE,TRUE
"What 2022 film, the English-language debut of a Swedish director, featured the final appearance of a South African actress who died of sepsis?",Triangle of Sadness,Composing Seen Clues,TV and Film,FALSE,TRUE,FALSE,FALSE,FALSE,FALSE,FALSE,FALSE,FALSE,TRUE
"What company named itself after a British monarch and claimed to be headquartered at 10 Margaret Street, London despite being an American company headquartered in Ohio?",Victoria's Secret,Location Misalignment,Miscellaneous,TRUE,FALSE,FALSE,FALSE,FALSE,FALSE,FALSE,TRUE,FALSE,FALSE
"What substance, first isolated in 1845, inspired Hoffman to give a smelly name to its derivatives in an 1856 publication?",benzene,Multi-Step Reasoning,Science,FALSE,FALSE,TRUE,FALSE,FALSE,FALSE,FALSE,FALSE,TRUE,TRUE
The Kayan of Myanmar and the Southern Ndebele of South Africa both use what form of decoration?,Neck Ring,Novel Clues,Lifestyle,TRUE,FALSE,FALSE,FALSE,FALSE,FALSE,FALSE,FALSE,TRUE,FALSE
What 1830s conflict between the province that was the birthplace of Donald Sutherland on one side and the state that is the birthplace of Stephen King had a bear as its lone casualty?,"Aroostook War (sometimes called the Pork and Beans War[1]), or the Madawaska War",Location Misalignment,History,FALSE,FALSE,TRUE,FALSE,FALSE,FALSE,FALSE,FALSE,TRUE,FALSE
"What 1967 short story, later adapted into a 1988 film, was described as a double-suicide by its author and whose native language title combines characters for ""fire"" (火) and ""drop"" (垂)?",Grave of the Fireflies (Hotaru no Haka),Composing Seen Clues,Literature,FALSE,FALSE,TRUE,FALSE,FALSE,FALSE,FALSE,FALSE,TRUE,FALSE
In what year was the purchase of potent potables precluded by a passed repair to the primary law of the United States?,1920,Composing Seen Clues,History,FALSE,FALSE,TRUE,FALSE,FALSE,FALSE,FALSE,FALSE,FALSE,TRUE
"If it's 11pm on New Year's Even in Kabul, what is the most populous country celebrating the start of a New Year?","India (Afghanistan is +4:30UTC, India is +5:30)",Logic & Calculation,Miscellaneous,FALSE,FALSE,FALSE,FALSE,TRUE,FALSE,FALSE,FALSE,FALSE,TRUE
"In 1804, what deaf man scratched out the name of a French general born in Corsica?",Beethoven,Domain Expert Knowledge,Music,FALSE,FALSE,FALSE,FALSE,FALSE,FALSE,FALSE,FALSE,FALSE,TRUE
"What actress who appeared in in the 2015 installment of the Fast & Furious films got permission from a man who had a recurring role in ""It's Always Sunny in Philadelphia"" to borrow his nickname (and who also died in the same year, 2015)?",Ronda Rousey,Multi-Step Reasoning,TV and Film,TRUE,FALSE,FALSE,FALSE,FALSE,FALSE,FALSE,FALSE,FALSE,TRUE
What modern day country was The man who served in between Boutros and Ban from?,Ghana,Location Misalignment,History,FALSE,FALSE,FALSE,FALSE,FALSE,FALSE,FALSE,FALSE,FALSE,TRUE
"Who is the president of the country represented by the second letter in the acronym BRICS, which refers to countries with emerging economies?",Vladimir Putin,Multi-Step Reasoning,History,FALSE,FALSE,TRUE,FALSE,FALSE,FALSE,FALSE,FALSE,FALSE,TRUE
Clarence Thomas had to deny calling himself a vulgar pun on what name?,Long John Silver,Novel Clues,Miscellaneous,TRUE,FALSE,FALSE,FALSE,FALSE,FALSE,FALSE,TRUE,FALSE,FALSE
What city in England is home to the studios where the British game show that resembles quiz bowl is filmed and where the test of whether an AI is intelligent was proposed?,Manchester,Composing Seen Clues,Geography,TRUE,FALSE,FALSE,FALSE,FALSE,FALSE,FALSE,FALSE,FALSE,TRUE
At what thermometer reading would Canadians and Americans have no disagreement about where it's colder?,-40,Logic & Calculation,Miscellaneous,FALSE,FALSE,FALSE,FALSE,FALSE,FALSE,FALSE,FALSE,FALSE,TRUE
The prime gap is the difference between successive prime numbers. What primes are in the set of prime gaps?,2,Logic & Calculation,Miscellaneous,FALSE,FALSE,FALSE,FALSE,FALSE,TRUE,FALSE,FALSE,TRUE,FALSE
What team lost the world cup finals in their home stadium but went on to defeat another country in their home stadium and win their first world cup eight years later?,"Brazil (defeated by Uraguay in 1950, beat Sweden in 1958)",Location Misalignment,Sport,FALSE,FALSE,FALSE,FALSE,TRUE,FALSE,FALSE,FALSE,FALSE,TRUE
"Conrade Meit, Hans Baldung Grien, Sebald Beham, Donatello, and Artemesia Gentileschi all depicted a woman holding what?",Head of Holofernes,Composing Seen Clues,Miscellaneous,TRUE,FALSE,FALSE,FALSE,FALSE,FALSE,FALSE,FALSE,FALSE,FALSE
In what novel published a quarter century after the title does the son of a telephone fee collector whose earliest memory is his mother having an affair write a novel dictated by a dyslexic teenager that exposes the magical foundation of a cult whose paralysis-prone leader is killed by an assassin whose name means green peas?,1Q84 - Hachi-Yon,Domain Expert Knowledge,Literature,FALSE,FALSE,TRUE,FALSE,FALSE,FALSE,FALSE,FALSE,TRUE,FALSE
"Mike Bribiglia appears as a mourner at a funeral in the music video for what song that muses that the central character is ""laughing up at us from hell""; the song also contrasts the central character with a ""monster on the hill"" in contrast to everyone else being a ""sexy baby"", a possible 30 Rock reference.",Anti-Hero,Novel Clues,TV and Film,TRUE,FALSE,FALSE,FALSE,FALSE,FALSE,FALSE,FALSE,FALSE,TRUE
What country has one more FIFA World Cup title than Germany and Italy and four more than England and Spain?,Brazil,Composing Seen Clues,Sport,FALSE,FALSE,FALSE,FALSE,FALSE,TRUE,FALSE,FALSE,FALSE,TRUE
What color did Real Madrid wear during the 2017 Champions League final?,Purple,Commonsense Knowledge,Miscellaneous,FALSE,FALSE,FALSE,FALSE,FALSE,FALSE,FALSE,FALSE,FALSE,TRUE
What film shares a setting with a musical based on the perspective of two witches named after cardinal directions?,The Wizard of Oz,Composing Seen Clues,TV and Film,TRUE,FALSE,FALSE,TRUE,FALSE,FALSE,FALSE,FALSE,FALSE,FALSE
"In which U.S state, in February of 2023, did Ryan Crouser throw further than the world record by a centimeter, but it was not counted because the indoor shot-put ring was too large, and the landing area was too downhill from the ring?",Idaho,Temporal Misalignment,Sport,FALSE,FALSE,FALSE,FALSE,FALSE,FALSE,FALSE,TRUE,FALSE,TRUE
"Who threw the football during the ""Mile High Miracle""?",Joe Flacco,Commonsense Knowledge,Sport,FALSE,FALSE,FALSE,FALSE,FALSE,FALSE,FALSE,FALSE,FALSE,TRUE
What country is home to one of the oldest cities in the world whose Arabic name is based on the trilateral root JBL and borders a sea known as ‚ÄúThe Middle‚Äù in Arabic?,Lebanon,Composing Seen Clues,Geography,FALSE,FALSE,FALSE,TRUE,FALSE,FALSE,FALSE,FALSE,FALSE,FALSE
Who was able to turn men into stone sculptures by just taking a glance at them?,Medusa,Commonsense Knowledge,Art,FALSE,FALSE,FALSE,FALSE,FALSE,FALSE,FALSE,FALSE,TRUE,TRUE
Which of the first Adidas Yeezy Boost 350 designs had an out of this world themed name?,Moonrock,Multi-Step Reasoning,Lifestyle,FALSE,FALSE,TRUE,FALSE,FALSE,FALSE,FALSE,FALSE,FALSE,FALSE
What 1987 hit song contains a line that rhymes with ketchup?,Never Gonna Give You Up,Multi-Step Reasoning,Music,TRUE,FALSE,FALSE,FALSE,FALSE,FALSE,FALSE,FALSE,FALSE,TRUE
"What is a fourth of the 5th Bell number, often seen as an unlucky number?",13/Thirteen,Logic & Calculation,Miscellaneous,FALSE,FALSE,FALSE,FALSE,FALSE,TRUE,FALSE,FALSE,FALSE,FALSE
"In how many states do either of the two longest main-stem rivers in the United States, one of which served as one of the main routes of westward expansion and one as a dividing line between different regions, pass through?",15,Multi-Step Reasoning,Geography,TRUE,FALSE,FALSE,FALSE,TRUE,FALSE,FALSE,FALSE,FALSE,FALSE
What would be the Bic Macs burger to bun ratio if we doubled meat?,4:03,Logic & Calculation,Miscellaneous,FALSE,FALSE,FALSE,FALSE,FALSE,TRUE,FALSE,FALSE,FALSE,TRUE
What novelist was one of the original authors of a famous sword and sorcery hero before writing his own book series based on the philosophical idea of eternal recurrence?,Robert Jordan,Composing Seen Clues,Literature,TRUE,FALSE,FALSE,FALSE,FALSE,FALSE,FALSE,FALSE,TRUE,FALSE
What fruit commonly used in sandwiches and salads is red?,Tomato,Multi-Step Reasoning,Lifestyle,TRUE,FALSE,FALSE,FALSE,FALSE,FALSE,FALSE,FALSE,FALSE,TRUE
"What substance can cause burns in its gaseous form, lead to vomiting and sweating in high doses, and is the main component by weight in acid rain?",Water,Domain Expert Knowledge,Science,TRUE,FALSE,FALSE,FALSE,FALSE,FALSE,FALSE,FALSE,TRUE,FALSE
This brand's logo shares a name that a video game character that wears a red hat and blue overalls used to have. What is this brand?,Air Jordan,Composing Seen Clues,Lifestyle,TRUE,FALSE,FALSE,FALSE,FALSE,FALSE,FALSE,FALSE,FALSE,TRUE
What famous art piece that is currently in France is referred to as La Giaconda?,Mona Lisa,Multi-Step Reasoning,Art,FALSE,FALSE,FALSE,FALSE,FALSE,FALSE,FALSE,FALSE,TRUE,TRUE
What is the name of the cricket team that is owned by the founder of Poomaalai and is considered to have one of the best bowling sides?,Sunrisers Hyderabad,Composing Seen Clues,Sport,TRUE,FALSE,FALSE,FALSE,FALSE,FALSE,FALSE,FALSE,FALSE,TRUE
What book does Liesel read in a novel from 2005 that has a title which is similar to the Sandman's job?,The Dream Carrier,Multi-Step Reasoning,Literature,FALSE,TRUE,FALSE,FALSE,FALSE,FALSE,FALSE,FALSE,TRUE,FALSE
"What is the name of a famous surrealist painting which originally was thought to be inspired by a scientific theory about space-time but was in fact inspired by a soft, surface-ripened, brie-like cheese melting in the sun?",The Persistence of Memory,Multi-Step Reasoning,Art,TRUE,FALSE,FALSE,FALSE,FALSE,FALSE,FALSE,TRUE,FALSE,FALSE
"What is the name of the American actor who stood up for his wife with a ""slap that was heard around the world"" during a popular awards show?",Will Smith,Multi-Step Reasoning,Lifestyle,TRUE,FALSE,FALSE,FALSE,FALSE,FALSE,FALSE,FALSE,FALSE,TRUE
In what year did the United States ban a liquid for its detrimental effects on the organ located in the upper right-hand portion of the abdominal cavity?,1919,Multi-Step Reasoning,History,FALSE,FALSE,FALSE,FALSE,FALSE,FALSE,FALSE,FALSE,TRUE,FALSE
"What is the name of the language which only has 45,900 speakers, allows for word-initial double consonants, and is the official language of an island country with the world's second-largest regional shark sanctuary?",Chuukese,Composing Seen Clues,Miscellaneous,TRUE,FALSE,FALSE,FALSE,FALSE,FALSE,FALSE,FALSE,TRUE,FALSE
Which movie features a feathery animal that travels back in time to save its own species from doomsday that has been celebrated every year?,Free Birds,Multi-Step Reasoning,TV and Film,TRUE,FALSE,FALSE,FALSE,FALSE,FALSE,FALSE,FALSE,FALSE,TRUE
What year is the closest palindromic year to 2001?,2002,Logic & Calculation,History,FALSE,FALSE,FALSE,FALSE,TRUE,FALSE,FALSE,FALSE,FALSE,FALSE
"The easternmost state in the U.S. has more than triple its population in lakes and it is known to have good salmon, which state is it?",Alaska,Multi-Step Reasoning,Geography,TRUE,FALSE,FALSE,FALSE,FALSE,FALSE,FALSE,FALSE,FALSE,TRUE
The basic document of the French Revolution was originally drafted by the Marquis de Lafayette. Which document was it?,The Declaration of the Rights of Man and the Citizen,Multi-Step Reasoning,History,FALSE,FALSE,FALSE,FALSE,FALSE,FALSE,FALSE,FALSE,TRUE,TRUE
"Which French historic monument, sold to Cardinal Mazarin, was the Louisiana purchase signed in?",Hôtel Tubeuf or Hôtel Duret-de-Chevry,Composing Seen Clues,History,TRUE,FALSE,FALSE,FALSE,FALSE,FALSE,FALSE,FALSE,FALSE,FALSE
This actress had a role in a film where her grandmother shares a strong resemblance to Mrs. Robinson and also had a role in 'Friends.',Jennifer Aniston,Multi-Step Reasoning,TV and Film,FALSE,TRUE,FALSE,FALSE,FALSE,FALSE,FALSE,FALSE,FALSE,TRUE
Name an author that is usually referred to as 'the liu God' by his Chinese fan and was used as memes from his quote 'God doesn't care' in his most famous novel.,Liu CiXin,Domain Expert Knowledge,Literature,FALSE,FALSE,FALSE,FALSE,FALSE,FALSE,FALSE,FALSE,TRUE,FALSE
Name the color of the sky in Aivazovsky's 'The Ninth Wave',Orange,Composing Seen Clues,Art,FALSE,FALSE,FALSE,FALSE,FALSE,FALSE,FALSE,FALSE,TRUE,TRUE
Which electronic musician from the UK is known for his unorthodox stage name that references a character in sitcom television?,Ross from Friends,Composing Seen Clues,Music,FALSE,FALSE,FALSE,FALSE,FALSE,FALSE,FALSE,FALSE,TRUE,TRUE
"What is the title of the 2003 best-selling book that delves into the lives of two young boys in Afghanistan, exploring themes of friendship, betrayal, and redemption against the backdrop of political turmoil?",The Kite Runner,Composing Seen Clues,Literature,FALSE,FALSE,FALSE,FALSE,FALSE,FALSE,FALSE,FALSE,TRUE,FALSE
"If I will strike down upon thee with great vengeance and furious anger those who attempt to poison and destroy my brothers, what will you know that my name is when I lay my vengeance upon thee?",The Lord,Composing Seen Clues,TV and Film,FALSE,FALSE,FALSE,FALSE,FALSE,FALSE,FALSE,FALSE,TRUE,TRUE
"Name the Kentucky quarterback that against all predictions, was not drafted in the first round of the 2023 NFL draft.",Will Levis,Composing Seen Clues,Sport,FALSE,TRUE,FALSE,FALSE,FALSE,FALSE,FALSE,FALSE,FALSE,TRUE
Which fashion creative director once worked closely with the designer Christian Dior before starting his own brand known widely by its acronym?,Yves Saint Laurent,Multi-Step Reasoning,Lifestyle,TRUE,FALSE,TRUE,FALSE,FALSE,FALSE,FALSE,FALSE,FALSE,FALSE
Who is known as the black mamba in the nba tournament,Kobe Bryant,Commonsense Knowledge,Sport,FALSE,FALSE,FALSE,FALSE,FALSE,FALSE,FALSE,FALSE,TRUE,TRUE
Which river is China's mother river?,Yellow River,Commonsense Knowledge,Geography,FALSE,FALSE,FALSE,FALSE,FALSE,FALSE,FALSE,FALSE,TRUE,TRUE
Which artist's 'red' album went into production after receiving backlash for a televised interaction with a country pop star during the VMAs?,Kanye West,Composing Seen Clues,Music,TRUE,FALSE,TRUE,FALSE,FALSE,FALSE,FALSE,FALSE,FALSE,FALSE
One of this video game's most recent events included a month-long social media takeover by musical artist Lil Nas X. This video game is developed and managed by a company whose parent company is one of the largest Chinese multinational companies. This game directly takes inspiration from one of the most popular Warcraft III MOBA mods.,League of Legends,Composing Seen Clues,Miscellaneous,FALSE,FALSE,TRUE,FALSE,FALSE,FALSE,FALSE,FALSE,FALSE,TRUE
"This person is a member of South Korea's largest boy band by size. He was a host for a popular program titled Show Champion, and is currently a member of his band's newest sub-unit which consists of three members.",Jaehyun,Composing Seen Clues,Music,TRUE,FALSE,FALSE,FALSE,FALSE,FALSE,FALSE,FALSE,FALSE,TRUE
"This genus spans from shrubs to small trees, varying between evergreen and deciduous. It is the national flower of a nation with a flag that does not abide by the regular shape of a rectangle.",Rhododendron,Composing Seen Clues,Science,TRUE,FALSE,FALSE,FALSE,FALSE,FALSE,FALSE,FALSE,TRUE,FALSE
This city was the first capital of the American state that was admitted to the union 29 years after the first admitted state. The first man to break the 51 second barrier for the 100m butterfly was born in this city. This city also shares the same name as the largest city of the state that contains Crater Lake National Park. What is this city that has a name that contains a word that can be used to describe wine and resides in the easternmost United States state that borders Canada?,Portland Maine,Temporal Misalignment,Geography,TRUE,FALSE,FALSE,FALSE,FALSE,FALSE,FALSE,FALSE,TRUE,FALSE
"This country's name consists of two words, and the second word's first syllable sounds like the Spanish word meaning ""low"" and its second syllable sounds like the Spanish word meaning ""more"". Historically, this country became known as a safe place for African slaves to reside in during the late 19th century. Tourism is an important part of its economy, perhaps due to its key location below Florida.",The Bahamas,Multi-Step Reasoning,History,TRUE,FALSE,FALSE,FALSE,FALSE,FALSE,FALSE,FALSE,TRUE,FALSE
The second king of the Neo-Babylonian empire was the namesake of the ship in this movie. This movie’s content is often associated with the Allegory of the Cave. The main character in this movie also played Ted in Bill and Ted’s Excellent Adventure. The name of this movie is a main topic of linear algebra.,The Matrix,Composing Seen Clues,History,TRUE,FALSE,FALSE,FALSE,FALSE,FALSE,FALSE,FALSE,FALSE,TRUE
"The title of this book shares a word with the title of a song of which the author, who acted in the 2002 film, 8 Mile, addressed to his daughter and niece. This book was one of two books that this author wrote, the other was published after, but was written before this book even though the events were set two decades later. This book was originally named after the iconic righteous legal practitioner in this book, but it was later retitled based on a quote from that same character.",To Kill a Mockingbird,Composing Seen Clues,Literature,TRUE,TRUE,FALSE,FALSE,FALSE,FALSE,FALSE,FALSE,FALSE,FALSE
"In this sport, playing the game nine targets is banned in almost every U.S state. This sport's scoring system involves addition and multiplication. In this sport, one is called a strike, two is called a double, and three is a symbol of thanks. What is this sport?",Bowling,Composing Seen Clues,Sport,TRUE,FALSE,FALSE,FALSE,FALSE,FALSE,FALSE,FALSE,FALSE,TRUE
He's a criminal but he's not heartless because he seems to care a lot about whether Annie is okay. But he's not just any kind of criminal: he's very smooth. Who is this famous music artist?,Michael Jackson,Logic & Calculation,Miscellaneous,TRUE,FALSE,FALSE,FALSE,FALSE,FALSE,FALSE,FALSE,FALSE,TRUE
"This disney star had a show named after the state whose capital is Helena. This singer's most recent hit was a song about the brother of Chris Hemsworth. Liam Hemsworth, who is famously known for playing Josh Taylor, married which Disney star?",Miley Cyrus,Multi-Step Reasoning,Miscellaneous,FALSE,TRUE,FALSE,FALSE,FALSE,FALSE,FALSE,FALSE,FALSE,TRUE
This country employs cats to protect artifacts at a museum that is free of charge the third Thursday of every month. This modern country had the engineer who created the famous game which involves rotating blocks. What country is most recognizable for an alcoholic drink created by Poland?,Russia,Composing Seen Clues,Geography,FALSE,FALSE,TRUE,FALSE,FALSE,FALSE,FALSE,FALSE,FALSE,TRUE
"This inhumane king was a key main character in a famous Classic Chinese novel. Deemed a king by his subordinates, this character enjoys consuming fruit, especially peaches. What is the name of the character who traveled with two monks, a horse, and a pig?",Sun Wukong,Composing Seen Clues,History,TRUE,FALSE,FALSE,FALSE,FALSE,FALSE,FALSE,FALSE,FALSE,TRUE
"This element is always found within other minerals, never on its own. This element is known to be toxic to nature's plants and animals. The density of this element is very close to the density of a precious metal commonly found in jewelry. The majority of this element is stored in the country whose national sport is ping-pong. What is the name of the element with the highest melting point?",Tungsten,Multi-Step Reasoning,Science,TRUE,FALSE,FALSE,FALSE,FALSE,FALSE,FALSE,FALSE,FALSE,TRUE
"For more than a decade, this movie was never officially released in the US or Canada except for the purpose of film festivals due to its 'crude' nature. In this movie, the government, in order to control the unemployed youth, votes on a law, which states that every year, students from a randomly chosen class will be transferred to a secluded island where they will have to fight to the last person standing. Name the novel this movie was based on.",Battle Royale,Multi-Step Reasoning,TV and Film,TRUE,FALSE,FALSE,FALSE,FALSE,FALSE,FALSE,FALSE,FALSE,TRUE
"There existed a diplomat from Vietnam. Although he was lauded for his scientific achievements, he was a strong believer in eastern philosophy - he was a pioneer in chemical carcinogenesis where it involved the fundamental ring systems and derivatives of 1,2-benzanthracene, the dibenzopyrenes, steranthrenes, anthanthrene, 1,2,3,4-dibenzanthracene, a variety of benzo and dibenzofluoranthenes. He was also a secular buddhist who became an elected president with thousands of workers stranded in France in the 1950s. He also travelled to the United States and also to Cambodia, to meet the pope of Cao Đài and his entourage in Cambodia. Who is this man?",Bửu Hội,Composing Seen Clues,History,TRUE,FALSE,TRUE,FALSE,FALSE,FALSE,FALSE,FALSE,TRUE,FALSE
"This film has been entirely composed, directed and produced by a single person, for the most part. In this film, it stars a Filipino driver who is fascinated by space travel. Using elements of repetition and flashbacks, as well as covering controversial topics such as circumcision, this Filipino man finds solace in thinking that success is achievable in the United States. Upon reaching here, he realises that success is found “within”. What film is this?",perfumed nightmare,Location Misalignment,TV and Film,TRUE,FALSE,FALSE,FALSE,FALSE,FALSE,FALSE,FALSE,FALSE,TRUE
"The actors in this movie and this movie received multiple oscar awards this year. They received awards for best picture, best director, best original score, best actress, best original screenplay and more. The lead female actor is originally from Malaysia. She also acted in another movie where she played the role of the mother for the lead male actor and acted together with Constance Wu and awkwafina. Who is this female actor?",Michelle Yeoh,Multi-Step Reasoning,TV and Film,TRUE,FALSE,TRUE,FALSE,FALSE,FALSE,FALSE,FALSE,TRUE,FALSE
"This person was a Dutch golden age painter, born in 1606 at a city in the province of south holland. He is known for many of his artworks, where one of his artwork was attacked with a common kitchen tool that is used for bread in the year 1975, and in 1990 another person sprayed a liquid that is low the pH scale on this painting. Which is the painting that is being referred to here?",The Night Watch,Composing Seen Clues,Art,TRUE,FALSE,TRUE,FALSE,FALSE,FALSE,FALSE,FALSE,TRUE,FALSE
"This singer is a Japanese artist who initially debuted in 2018 as an independent artist. The first original song released is named after the type of small Solar System body composed of ice and dust, which releases gasses as it orbits the Sun. The following year after their debut, the artist signed a contract with INoNaKa Music. Her first single release was under Cover Corp. in 2020. Her first album was released in Fall of 2021 and featured her newest song, ""Stellar Stellar."" Who is this artist that became the first Virtual Youtuber to appear on The First Take?",Hoshimachi Suisei,Composing Seen Clues,Music,TRUE,FALSE,TRUE,FALSE,FALSE,FALSE,FALSE,FALSE,TRUE,FALSE
"When taking the first, second, and third derivative of this term, these terms will share the same name of the gnomes that appear on a brand of cereal marketed by Kellogs. The clothoid curvature results in this term being constant. When taking the integral of this term, the value of this term becomes 9.8 for an object that falls through a vacuum. Name this term that is used to describe objects in motion.",Jerk,Composing Seen Clues,Science,TRUE,FALSE,TRUE,FALSE,FALSE,FALSE,FALSE,FALSE,TRUE,FALSE
"This film falls under the category of comedy. The film is animated, and revolves around the childhood of the main character from the series films. The series of films revolves around the main character’s desire to become a supervillain. The release of the movie sparked the internet phenomenon where teenagers who went to watch the film wore suits. One of the companions of the protagonist is “Bob,” who is small, yellow, has two eyes, and often wears overalls. What is the name of this film where the protagonist, who is portrayed as a child, tries to become the greatest supervillain with his minions?",Minions: The Rise of Gru,Novel Clues,TV and Film,TRUE,FALSE,TRUE,FALSE,FALSE,FALSE,FALSE,FALSE,FALSE,FALSE
"Which specific city serves as the location for the recurring yearly observance of a sacred ceremonial occasion that extends for an approximate duration of twelve consecutive calendar days encompassing two months and is further characterized by its nomenclature being linked to a site of religious reverence focusing on the dentition-related anatomical attribute? Additionally, delving into antiquity, it is known that an esteemed historical artifact, presumed to have been in possession of the venerated spiritual popular in East Asia, was conveyed from the geographical region of India to the nation-state wherein this aforementioned metropolis is situated. While this particular observance has persisted as an enduring custom throughout history, it was officially institutionalized as a communal event during the governance of a noteworthy sovereign ruler in the 18th century.","Kandy, Sri Lanka",Location Misalignment,History,TRUE,FALSE,TRUE,FALSE,FALSE,FALSE,FALSE,FALSE,FALSE,FALSE
"What early 90s film focuses on how a widower in Chicago moves on after his spouse passes away? His child attempts to assist him by meddling. Through the use of radio and compelling storytelling, the child draws in a large audience, especially many women. This film ends on the observation deck of a very famous building in a city coined the 'Big Apple.'",Sleepless in Seattle,Multi-Step Reasoning,TV and Film,FALSE,FALSE,FALSE,FALSE,FALSE,FALSE,FALSE,FALSE,TRUE,TRUE