question,a,b,c,A,B,C,D,E,DPR,LLAMA,GPT4,Question,Answer,GPT3,RAG,MISTRAL,LLAMA3
How many non-pet characters live in SpongeBob's neighborhood?,1.0,0.0,0.0,1.0,0.0,1.0,0.0,0.0,0.0,1.0,1.0,How many non-pet characters live in SpongeBob's neighborhood?,3,0,0.0,0.0,0.0
Which political party governs the country directly south of Botswana?,0.0,1.0,0.0,0.0,1.0,1.0,0.0,1.0,1.0,0.0,1.0,Which political party governs the country directly south of Botswana?,African National Congress,1,1.0,0.0,0.0
"In the 1920s, a tiger, a kangaroo, a donkey, a pig, and a bear were bought from Harrods in London. Who was this buyer?",0.0,0.0,0.0,,,,,,0.0,0.0,0.0,"In the 1920s, a tiger, a kangaroo, a donkey, a pig, and a bear were bought from Harrods in London",AA Milne,0,0.0,0.0,0.0
"What company launched their first advertisement campaign during the 1984 Super Bowl that was inspired by George Orwell's dystopian novel ""1984""?",0.0,1.0,0.0,1.0,1.0,0.0,0.0,0.0,0.0,1.0,1.0,"What company launched their first advertisement campaign during the 1984 Super Bowl that was inspired by George Orwell's dystopian novel ""1984""?",Apple,1,1.0,1.0,1.0
What soldiers would bite during surgical procedures lacking anesthetics is also the name of what extinct NBA team?,1.0,0.0,0.0,1.0,0.0,0.0,0.0,1.0,0.0,0.0,1.0,What soldiers would bite during surgical procedures lacking anesthetics is also the name of what extinct NBA team?,Bullets,0,1.0,0.0,0.0
"What vegetable did Julio Cortazar compare to ""the eye of an insect magnified a thousand times"" and the ""vegetable brain"" in his literary works?.",0.0,1.0,0.0,1.0,0.0,0.0,0.0,0.0,0.0,0.0,1.0,"What vegetable did Julio Cortazar compare to ""the eye of an insect magnified a thousand times"" and the ""vegetable brain"" in his literary works?",Cauliflower,0,0.0,0.0,0.0
A play by Arthur Miller accounts what series of legal proceedings that accused over 200 individuals of consorting with the Devil in late 17th century New England?,1.0,0.0,0.0,1.0,0.0,1.0,0.0,0.0,0.0,0.0,0.0,A play by Arthur Miller accounts what series of legal proceedings that accused over 200 individuals of consorting with the Devil in late 17th century New England?,Salem Witch Trials,1,0.0,1.0,0.0
"Suppose you have the series 4/1, minus 4/3, plus 4/5, minus 4/7 and so on (4 over odd numbers with alternating sign). What is the sum of this series?",0.0,1.0,0.0,,,,,,0.0,0.0,1.0,"Suppose you have the series 4/1, minus 4/3, plus 4/5, minus 4/7 and so on (4 over odd numbers with alternating sign)",pi (this is the Taylor expansion for arctangent multiplied by four),0,0.0,0.0,0.0
Who did not win the 1969 prize for an experiment that confirmed that DNA carried genetic information?,0.0,0.0,0.0,,,,,,0.0,0.0,0.0,Who did not win the 1969 prize for an experiment that confirmed that DNA carried genetic information?,"Martha Chase (her boss, Alfred Hershey did)",0,0.0,0.0,0.0
Suppose you are in the Spanish town of Llivia and you start walking until you reach another country. What country would you enter?,0.0,0.0,0.0,,,,,,0.0,0.0,1.0,Suppose you are in the Spanish town of Llivia and you start walking until you reach another country,France (Llivia is an exclave surrounded by France),0,1.0,1.0,1.0
"Despite a childhood accident that left his shoulders permanently crooked, what Lebanese-American author of a work that entered the public domain in 2019 became famous for his poetry and subtle influence on New Age philosophy?",1.0,0.0,0.0,,,,,,0.0,1.0,1.0,"Despite a childhood accident that left his shoulders permanently crooked, what Lebanese-American author of a work that entered the public domain in 2019 became famous for his poetry and subtle influence on New Age philosophy?",Gibran Khalil Gibran/Khalil Gibran,1,1.0,0.0,1.0
What was the new feature installed in 1899 on the building of a New York restaurant for the first time ever?,0.0,1.0,0.0,1.0,0.0,0.0,0.0,0.0,0.0,0.0,0.0,What was the new feature installed in 1899 on the building of a New York restaurant for the first time ever?,Revolving Door,0,0.0,0.0,0.0
"What phrase is common to the title of novel featuring a fictional Nat King Cole recording, a Gene Autry film and song, and an I-95 attraction between the Carolinas?",0.0,0.0,0.0,1.0,0.0,0.0,0.0,0.0,0.0,0.0,1.0,"What phrase is common to the title of novel featuring a fictional Nat King Cole recording, a Gene Autry film and song, and an I-95 attraction between the Carolinas?",South of the Border,0,0.0,0.0,0.0
What meme that features a man sitting in a chair next to an unlit cigar and in front of a fireplace came from the Last Dance?,0.0,1.0,0.0,1.0,0.0,0.0,0.0,0.0,0.0,0.0,0.0,What meme that features a man sitting in a chair next to an unlit cigar and in front of a fireplace came from the Last Dance?,and I took that personally,0,0.0,0.0,0.0
"This Calculus theorem requires continuity on a closed interval between two points, a and b, as well as differentiability. What theorem, which requires the functional values of a and b to match, produces that a point between the open interval has a derivative of zero?",0.0,0.0,0.0,,,,,,0.0,0.0,1.0,"This Calculus theorem requires continuity on a closed interval between two points, a and b, as well as differentiability","[""Rolle's Theorem""]",0,0.0,0.0,0.0
"This book was created by a known author who creates children's books, one of which has a creature who ""speaks for the trees"" Name the book by the same author whose title consists of a type of aquatic creature, two colors of the rainbow, and numbers.",0.0,0.0,0.0,,,,,,0.0,0.0,1.0,"This book was created by a known author who creates children's books, one of which has a creature who ""speaks for the trees"" Name the book by the same author whose title consists of a type of aquatic creature, two colors of the rainbow, and numbers","One Fish, Two Fish, Red Fish, Blue Fish",0,0.0,0.0,0.0
"This cheerful duo sings in a musical which repeats a phrase about the lack of trouble, in an East African language, while on the protagonist's journey home. What is the name of this duo?",1.0,0.0,0.0,1.0,0.0,1.0,1.0,0.0,0.0,0.0,1.0,"This cheerful duo sings in a musical which repeats a phrase about the lack of trouble, in an East African language, while on the protagonist's journey home",Timon and Pumbaa,0,0.0,0.0,0.0
"In which novel, written by an author who was originally a botanist and born in Cuba, features a fictitious conversation between a merchant who travelled a road that was known by a smooth natural material and an emperor who loved to write Chinese poetry, both of which are actual people in history?",0.0,0.0,0.0,1.0,0.0,0.0,0.0,0.0,0.0,0.0,0.0,"In which novel, written by an author who was originally a botanist and born in Cuba, features a fictitious conversation between a merchant who travelled a road that was known by a smooth natural material and an emperor who loved to write Chinese poetry, both of which are actual people in history?",Invisible Cities,0,0.0,0.0,0.0
"Which American alternative pop singer, who rose to popularity in 2012 after appearing on The Voice, shares her name with a song written by Toto in 1999?",0.0,0.0,0.0,1.0,0.0,0.0,0.0,0.0,0.0,0.0,1.0,"Which American alternative pop singer, who rose to popularity in 2012 after appearing on The Voice, shares her name with a song written by Toto in 1999?",Melanie Martinez,0,0.0,0.0,0.0
Who was the woman soccer player known to have the third most international goals scored on the United States national team as of 2017?,0.0,0.0,0.0,1.0,0.0,0.0,0.0,0.0,0.0,0.0,0.0,Who was the woman soccer player known to have the third most international goals scored on the United States national team as of 2017?,Mia Hamm,0,0.0,0.0,0.0
What is the name of the first mosque in the world that was built by Prophet Muhammed (s.a.w) during his hijrah from Mecca to Medina?,0.0,0.0,0.0,1.0,0.0,0.0,0.0,0.0,0.0,0.0,0.0,What is the name of the first mosque in the world that was built by Prophet Muhammed (s,Quba Masjid,0,1.0,0.0,0.0
"What song refers to this popular singer's breakup with her ex-partner, who called her 23 times and then proceeded to marry a model two months after they broke up?",0.0,0.0,0.0,1.0,0.0,0.0,0.0,0.0,0.0,0.0,0.0,"What song refers to this popular singer's breakup with her ex-partner, who called her 23 times and then proceeded to marry a model two months after they broke up?",Ring,0,0.0,0.0,0.0
A large portion of the sequence for the reference genome for the International Human Genome Sequencing Consortium in the human genome project came from a man from which US city?,0.0,0.0,0.0,1.0,0.0,0.0,0.0,0.0,0.0,0.0,0.0,A large portion of the sequence for the reference genome for the International Human Genome Sequencing Consortium in the human genome project came from a man from which US city?,"Buffalo, New York",0,1.0,0.0,0.0
What U.S. criminal and world champion of his sport violated a United Nations sanction in 1992 and proceeded to live in Asia and Europe?,0.0,1.0,0.0,1.0,0.0,0.0,1.0,0.0,0.0,0.0,1.0,What U,Bobby Fischer or Robert James Fischer,0,0.0,0.0,0.0
Who raised a bird in the Shawshank Redemption,0.0,0.0,0.0,1.0,0.0,1.0,1.0,0.0,0.0,1.0,1.0,Who raised a bird in the Shawshank Redemption,Brooks Hatlen,0,1.0,0.0,0.0
What is awarded to the opposing team after a player scores in their own goal during a kickoff in soccer?,0.0,1.0,0.0,1.0,0.0,0.0,0.0,0.0,0.0,0.0,0.0,What is awarded to the opposing team after a player scores in their own goal during a kickoff in soccer?,Corner Kick,0,0.0,0.0,1.0
What cardinal direction on a compass can not be found in the name of a US state?,1.0,0.0,0.0,0.0,0.0,1.0,1.0,0.0,0.0,0.0,0.0,What cardinal direction on a compass can not be found in the name of a US state?,East,0,0.0,0.0,0.0
This country is the first country to develop the voicemail technology and is home to the largest known dog cemetery of the ancient world.,0.0,1.0,0.0,1.0,0.0,0.0,0.0,0.0,0.0,0.0,0.0,This country is the first country to develop the voicemail technology and is home to the largest known dog cemetery of the ancient world,Israel,0,1.0,0.0,0.0
Name the country whose capital is named after the American president who introduced his namesake doctrine regarding the independence of Latin America.,1.0,0.0,0.0,1.0,1.0,0.0,1.0,0.0,0.0,0.0,1.0,Name the country whose capital is named after the American president who introduced his namesake doctrine regarding the independence of Latin America,Liberia,0,0.0,0.0,0.0
"For 10 points, name the title character of the 2022 Best Picture nominee about a fictional conductor who was mentored by Leonard Bernstein.",0.0,1.0,0.0,,,,,,0.0,0.0,0.0,"For 10 points, name the title character of the 2022 Best Picture nominee about a fictional conductor who was mentored by Leonard Bernstein",Lydia Tar,0,0.0,0.0,0.0
This city was once named after a man born Ioseb Besarionis dze Jughashvili,0.0,0.0,0.0,,,,,,0.0,0.0,0.0,This city was once named after a man born Ioseb Besarionis dze Jughashvili,Volgograd,0,0.0,0.0,0.0
This company was co-founded in 1977 by the man who in May 2016 donated 200 million to the University of Southern California for establishing a cancer research center,0.0,0.0,0.0,,,,,,0.0,0.0,0.0,This company was co-founded in 1977 by the man who in May 2016 donated 200 million to the University of Southern California for establishing a cancer research center,Oracle Corporation,0,1.0,0.0,0.0
"This is the most common medication used to treat the disease that killed Vasco da Game, Pope Urban VII, and Oliver Cromwell",0.0,0.0,1.0,,,,,,0.0,0.0,0.0,"This is the most common medication used to treat the disease that killed Vasco da Game, Pope Urban VII, and Oliver Cromwell",Quinine,1,1.0,0.0,0.0
"This player's famous nickname came about when he threw with such velocity that a nearly fence looked as if it had been hit by a large air mass that rotates around a strong center of low atmospheric pressure, counterclockwise in the Northern Hemisphere",0.0,0.0,0.0,,,,,,0.0,0.0,0.0,"This player's famous nickname came about when he threw with such velocity that a nearly fence looked as if it had been hit by a large air mass that rotates around a strong center of low atmospheric pressure, counterclockwise in the Northern Hemisphere",Cy Young,0,0.0,0.0,0.0
"This man is credited with coining the terms Cubism, Orphism, and Surrealism",0.0,0.0,0.0,,,,,,1.0,0.0,1.0,"This man is credited with coining the terms Cubism, Orphism, and Surrealism",Guillaume Apollinaire,0,1.0,0.0,1.0
This character has a version of Andy's Warhol's Shot Marilyn's hanging in his bedroom. This version features horseshoes.,0.0,0.0,0.0,,,,,,0.0,0.0,1.0,This character has a version of Andy's Warhol's Shot Marilyn's hanging in his bedroom,BoJack Horseman,0,0.0,0.0,0.0
"This university, founded by a railroad tycoon in 1885, has a tree as its unofficial mascot",0.0,0.0,0.0,,,,,,0.0,0.0,0.0,"This university, founded by a railroad tycoon in 1885, has a tree as its unofficial mascot",Stanford University,1,1.0,0.0,0.0
"This athlete returned to his primary sport after playing baseball with a two word press release that read ""I'm back""",0.0,0.0,0.0,,,,,,0.0,0.0,1.0,"This athlete returned to his primary sport after playing baseball with a two word press release that read ""I'm back""",Michael Jordan,0,1.0,0.0,1.0
"This country's name means ""equator"" in Spanish",0.0,0.0,1.0,,,,,,0.0,1.0,1.0,"This country's name means ""equator"" in Spanish",Ecuador,1,1.0,1.0,1.0
"According to a famous holiday song by Adam Sandler, OJ Simpson is not a believer in this world religion",0.0,0.0,0.0,,,,,,0.0,0.0,1.0,"According to a famous holiday song by Adam Sandler, OJ Simpson is not a believer in this world religion",Judaism,1,1.0,0.0,0.0
This actor is known for hitting another famous person after the other person made a joke about his wife's lack of hair at the Oscars in 2022,0.0,0.0,0.0,,,,,,0.0,1.0,1.0,This actor is known for hitting another famous person after the other person made a joke about his wife's lack of hair at the Oscars in 2022,Will Smith,0,1.0,0.0,1.0
"A person with this title used the topayauri (scepter), ushno (golden throne), and suntur páucar (feathered pike).",0.0,0.0,0.0,,,,,,0.0,0.0,0.0,"A person with this title used the topayauri (scepter), ushno (golden throne), and suntur páucar (feathered pike)",Sapa Inca,0,0.0,0.0,0.0
"Who wrote a novel featuring Mugo, an introverted villager of Thabai",0.0,0.0,0.0,,,,,,0.0,1.0,1.0,"Who wrote a novel featuring Mugo, an introverted villager of Thabai","[""Ngũgĩ wa Thiong'o""]",0,1.0,0.0,1.0
"This city is the birthplace of a candidate whose opponent called him ""Sleepy Joe""",0.0,0.0,0.0,,,,,,0.0,0.0,0.0,"This city is the birthplace of a candidate whose opponent called him ""Sleepy Joe""","Scranton, Pennsylvania",0,0.0,0.0,1.0
"Several of this author's curious books have onomatopoeia in the title. Perhaps if the onomatopoeia were in the author's name instead of the title, you'd find the word ""Scuttle"" or ""Hiss"" on the cover instead. What is the author's name?",0.0,0.0,0.0,,,,,,0.0,0.0,0.0,Several of this author's curious books have onomatopoeia in the title,Mary Roach,0,0.0,0.0,0.0
"Chemists know that these organic compounds feature four rings with a variety of bonds. Baseball fans associate this class of organic compounds with Barry Bonds, who has no rings.",0.0,0.0,0.0,,,,,,0.0,0.0,1.0,Chemists know that these organic compounds feature four rings with a variety of bonds,Steroid,0,0.0,0.0,1.0
"The seven actors in this film have 6 Oscars, 6 Tonys, and 13 Golden Globes between them; nobody could claim that ""the leads are weak"". Despite all of that star power and a Pulitzer-winning script, though, the film adaptation couldn't close the deal, and won only a minor award at Venice.",0.0,0.0,0.0,,,,,,0.0,0.0,1.0,"The seven actors in this film have 6 Oscars, 6 Tonys, and 13 Golden Globes between them; nobody could claim that ""the leads are weak""",Glengarry Glen Ross,0,0.0,0.0,0.0
"Over 100 years before ""random forest"" was trademarked, and long before the invention of the transistor or digital computer, this bare-bones numerical approach was invented to help identify which variables in a high-dimensional data set are the most relevant. It is used in digital signal processing, mechanical engineering, predictive modeling, and data cleaning for machine learning.",0.0,0.0,0.0,,,,,,0.0,0.0,1.0,"Over 100 years before ""random forest"" was trademarked, and long before the invention of the transistor or digital computer, this bare-bones numerical approach was invented to help identify which variables in a high-dimensional data set are the most relevant",Principal component analysis,1,0.0,1.0,0.0
"This American group's now-iconic name was factually inaccurate when it was first applied to the group, in the early 1980s: not because any of the members were wild animals, but because the drummer at the time was a woman.",0.0,0.0,0.0,,,,,,0.0,0.0,1.0,"This American group's now-iconic name was factually inaccurate when it was first applied to the group, in the early 1980s: not because any of the members were wild animals, but because the drummer at the time was a woman",Beastie Boys,0,0.0,0.0,0.0
"This NFL team did not have a starting quarterback in 1998, nor any players at the nose tackle or defensive end position, or in fact, any players or roster at all. Their fans once famously deployed a large three-piece banner in the end zone which read ""GPODAWUND"", because two sections of the sign had gotten swapped.",0.0,0.0,0.0,,,,,,0.0,0.0,0.0,"This NFL team did not have a starting quarterback in 1998, nor any players at the nose tackle or defensive end position, or in fact, any players or roster at all",Cleveland Browns,1,1.0,0.0,0.0
"This semi-mythical American trickster figure, merry prankster, and sledgehammer juggler was not much of an author or poet himself. Nonetheless he became the inspiration for characters in Ken Kesey and Jack Kerouac's books, and he shows up by name in songs by Tom Waits, the Grateful Dead, and Death Cab for Cutie.",0.0,0.0,1.0,,,,,,0.0,0.0,1.0,"This semi-mythical American trickster figure, merry prankster, and sledgehammer juggler was not much of an author or poet himself",Neal Cassady,0,0.0,0.0,0.0
"If a librarian were making a list of Wikipedia articles which are not self-referential, it's a good bet that an article about this puzzling discovery in set theory would not make the list. On the other hand, after some reflection, you might decide that it must go on the list. Or perhaps you'd then feel compelled to remove it.",0.0,0.0,0.0,,,,,,0.0,0.0,0.0,"If a librarian were making a list of Wikipedia articles which are not self-referential, it's a good bet that an article about this puzzling discovery in set theory would not make the list","[""Russell's paradox""]",0,1.0,0.0,0.0
"Some experts object to all versions of this grammatical construct, but others are more flexible. Hopefully, you'll be able to identify it from these examples. It should be easier than shooting an elephant in your pajamas.",0.0,0.0,0.0,,,,,,0.0,0.0,1.0,"Some experts object to all versions of this grammatical construct, but others are more flexible",Dangling modifier,0,0.0,0.0,0.0
"The 1973 Thomas Rockwell novel for children, about a school boy who loses a gross dare, was written in America. However, a similarly-titled religious edict published in 1521 hails from this old European city of about 80,000.",0.0,0.0,0.0,,,,,,0.0,0.0,0.0,"The 1973 Thomas Rockwell novel for children, about a school boy who loses a gross dare, was written in America","Worms, Germany",0,0.0,0.0,0.0
"Elementary students learn the spelling of this not-so-peaceful body of water with the mnemonic ""Pa, See if I see.""",0.0,0.0,0.0,,,,,,0.0,1.0,1.0,"Elementary students learn the spelling of this not-so-peaceful body of water with the mnemonic ""Pa, See if I see",Pacific Ocean,0,1.0,0.0,0.0
"This island once exported chunks of semi-precious silicate stone used as currency throughout the region almost 4,000 years ago. While its primary currency is much less ubiquitous today, its modern silicon exports are still semi-precious to all its trading partners.",0.0,0.0,0.0,,,,,,0.0,0.0,0.0,"This island once exported chunks of semi-precious silicate stone used as currency throughout the region almost 4,000 years ago",Taiwan,0,0.0,0.0,0.0
"If you found yourself on an island where two different one-peso coins circulated, and laid one of each of them side by side, they'd nearly be as large as the smallest bird you could find on that same island. Those two pesos are drastically different in value though, at a ratio of almost 25 to 1. Where is the island?",0.0,0.0,0.0,,,,,,0.0,0.0,1.0,"If you found yourself on an island where two different one-peso coins circulated, and laid one of each of them side by side, they'd nearly be as large as the smallest bird you could find on that same island",Cuba,0,0.0,0.0,0.0
"This famous Roman heavenly twin is technically the Alpha, but is outshone by his brother the Beta, possibly because the latter had Zeus for a father.",0.0,0.0,0.0,,,,,,0.0,0.0,0.0,"This famous Roman heavenly twin is technically the Alpha, but is outshone by his brother the Beta, possibly because the latter had Zeus for a father",Castor (star),1,1.0,1.0,0.0
"Despite its association with a wall begun in 122 by a Roman Emperor, a 1237 treaty fixed what geo-political concept to be a river that enters the Sea at Berwick?",0.0,0.0,0.0,,,,,,0.0,0.0,0.0,"Despite its association with a wall begun in 122 by a Roman Emperor, a 1237 treaty fixed what geo-political concept to be a river that enters the Sea at Berwick?",Scottish-English Border,0,0.0,0.0,0.0
"What short-lived government (in contrast, its successor lasted nearly 300 years with a brief interruption) has a name that literally means ""to follow"" and built a large waterway that connected two of its country's major bodies of water?",0.0,0.0,0.0,,,,,,0.0,0.0,1.0,"What short-lived government (in contrast, its successor lasted nearly 300 years with a brief interruption) has a name that literally means ""to follow"" and built a large waterway that connected two of its country's major bodies of water?",Sui Dynasty,0,0.0,0.0,0.0
Whose face is on the bill worth 400 nickels?,1.0,0.0,0.0,,,,,,0.0,0.0,0.0,Whose face is on the bill worth 400 nickels?,Andrew Jackson,0,1.0,0.0,0.0
What astronomical object's pronunciation is controversial for potty-humor related reasons?,0.0,0.0,1.0,,,,,,0.0,0.0,1.0,What astronomical object's pronunciation is controversial for potty-humor related reasons?,Uranus,1,1.0,0.0,0.0
What lake gives its name to an entity that also borders 4 lakes to its west?,0.0,0.0,0.0,,,,,,0.0,0.0,0.0,What lake gives its name to an entity that also borders 4 lakes to its west?,Lake Ontario,0,0.0,0.0,0.0
Ian Smith's country's national anthem replaced a poem by what man with new lyrics?,0.0,0.0,0.0,,,,,,0.0,0.0,0.0,Ian Smith's country's national anthem replaced a poem by what man with new lyrics?,Friedrich Schiller,0,0.0,0.0,0.0
What city's MLB team sounds like the name of a female horse?,1.0,0.0,0.0,,,,,,0.0,0.0,1.0,What city's MLB team sounds like the name of a female horse?,Philadelphia,0,0.0,0.0,0.0
"Take away four from a group including Barnard and Smith, and you get what play?",0.0,0.0,0.0,,,,,,0.0,0.0,0.0,"Take away four from a group including Barnard and Smith, and you get what play?",Three Sisters (play),0,0.0,0.0,0.0
What place provides a rhyme for the title in the Rogers and Hart song Manhattan?,1.0,0.0,0.0,,,,,,0.0,0.0,0.0,What place provides a rhyme for the title in the Rogers and Hart song Manhattan?,Staten Island,0,0.0,0.0,0.0
Christopher Paolini's first fantasy novel is a homophone of what Iberian region?,0.0,0.0,0.0,,,,,,0.0,0.0,1.0,Christopher Paolini's first fantasy novel is a homophone of what Iberian region?,Aragon,0,0.0,0.0,0.0
A character named for what general often wears a campaign shirt for Pedro?,0.0,0.0,0.0,,,,,,0.0,0.0,1.0,A character named for what general often wears a campaign shirt for Pedro?,Napoleon,0,1.0,0.0,0.0
The national capital closest to the South Pole is named for what man?,0.0,0.0,1.0,,,,,,0.0,0.0,0.0,The national capital closest to the South Pole is named for what man?,"Arthur Wellesley, 1st Duke of Wellington",0,1.0,0.0,0.0
On The Colbert Report a host from what channel is nicknamed Papa Bear?,1.0,0.0,0.0,,,,,,0.0,0.0,1.0,On The Colbert Report a host from what channel is nicknamed Papa Bear?,Fox News,1,1.0,0.0,0.0
Who was president when the original Star Wars came out?,0.0,0.0,0.0,,,,,,0.0,0.0,0.0,Who was president when the original Star Wars came out?,Jimmy Carter,0,0.0,0.0,0.0
Ice Cube compared his crime record to what man whose machinations left Roman Polanski a widower?,1.0,0.0,0.0,,,,,,0.0,0.0,1.0,Ice Cube compared his crime record to what man whose machinations left Roman Polanski a widower?,Charles Manson,1,1.0,0.0,1.0
Batman's first name was inspired by what important medieval figure?,0.0,0.0,0.0,,,,,,0.0,0.0,1.0,Batman's first name was inspired by what important medieval figure?,Robert the Bruce,0,0.0,0.0,1.0
Which musician made fun of Ronald Reagan for misinterpreting the message of one of his songs as patriotic?,1.0,0.0,0.0,,,,,,0.0,1.0,1.0,Which musician made fun of Ronald Reagan for misinterpreting the message of one of his songs as patriotic?,Bruce Springsteen,1,1.0,0.0,0.0
The name of what African country is one letter different than the name of the capital of the Maldives?,0.0,0.0,0.0,,,,,,0.0,1.0,1.0,The name of what African country is one letter different than the name of the capital of the Maldives?,Mali,1,0.0,0.0,0.0
A German admiral sailing for Russia named what islands for an English captain and not for the librettist of the HMS Pinafore nor for the announcer of Jeopardy!,1.0,0.0,0.0,,,,,,0.0,0.0,1.0,A German admiral sailing for Russia named what islands for an English captain and not for the librettist of the HMS Pinafore nor for the announcer of Jeopardy!,Gilbert Islands,0,0.0,0.0,0.0
"What ceremonial phrase started with an impatient mayor in September 1950 and does not date back to the origins of an annual festival 200 years ago? Either the English translation, the standard foreign form, or the local southern foreign dialect is fine.",0.0,0.0,1.0,,,,,,0.0,0.0,0.0,"What ceremonial phrase started with an impatient mayor in September 1950 and does not date back to the origins of an annual festival 200 years ago? Either the English translation, the standard foreign form, or the local southern foreign dialect is fine","O zapft is, It's tapped, Es ist angezapft",0,0.0,0.0,0.0
"""None of them knew the color of the sky"" is the opening sentence of a story by what author, who shares his last name with a type of long-necked bird?",1.0,0.0,0.0,,,,,,0.0,0.0,0.0,"""None of them knew the color of the sky"" is the opening sentence of a story by what author, who shares his last name with a type of long-necked bird?",Stephen Crane,1,0.0,0.0,0.0
What 2022 movie is based on the adolescence of the director of Jurassic Park and Schindler's List?,0.0,0.0,1.0,,,,,,0.0,0.0,1.0,What 2022 movie is based on the adolescence of the director of Jurassic Park and Schindler's List?,The Fabelmans,1,1.0,,1.0
What type of animal is the mascot of the university that was attended by running back Ron Dayne?,1.0,0.0,0.0,,,,,,0.0,1.0,1.0,What type of animal is the mascot of the university that was attended by running back Ron Dayne?,Badger,0,1.0,1.0,1.0
"What position is currently held by a former prime minister of Portugal, and has previously been held by a Swedish man who died in a 1961 plane crash?",0.0,0.0,1.0,,,,,,0.0,0.0,0.0,"What position is currently held by a former prime minister of Portugal, and has previously been held by a Swedish man who died in a 1961 plane crash?",Secretary-General of the United Nations,0,1.0,0.0,0.0
What Arabic number (e.g. 9 or 99) can be written as the sum of the Roman numerals CI and XVI?,1.0,0.0,0.0,,,,,,0.0,0.0,1.0,What Arabic number (e,117 (number),1,0.0,0.0,0.0
"Which presidential election occurred 220 years after the one in which Thomas Jefferson defeated the incumbent, John Adams?",0.0,0.0,0.0,,,,,,0.0,0.0,0.0,"Which presidential election occurred 220 years after the one in which Thomas Jefferson defeated the incumbent, John Adams?",2020 United States presidential election,0,0.0,0.0,1.0
What war is named for a length of time equal to 84 months?,1.0,0.0,0.0,,,,,,0.0,0.0,1.0,What war is named for a length of time equal to 84 months?,Seven Years' War,1,0.0,0.0,0.0
What type of bond in chemistry shares its name with a number that is sometimes approximated as 22/7?,0.0,0.0,0.0,,,,,,0.0,0.0,1.0,What type of bond in chemistry shares its name with a number that is sometimes approximated as 22/7?,Pi bond,1,1.0,0.0,1.0
"What 19th century philosopher, whose first and middle name is reminiscent of the host of The Daily Show before Trevor Noah, has a last name that rhymes with bill?",1.0,0.0,0.0,,,,,,0.0,0.0,1.0,"What 19th century philosopher, whose first and middle name is reminiscent of the host of The Daily Show before Trevor Noah, has a last name that rhymes with bill?",John Stuart Mill,0,1.0,0.0,0.0
"What author wrote an 1881 novel whose four-word title is the same as the title of a T. S. Eliot poem, and a 1903 novel whose two-word title is the same as the title of a Hans Holbein painting?",0.0,0.0,1.0,,,,,,0.0,0.0,1.0,What author wrote an 1881 novel whose four-word title is the same as the title of a T,Henry James,0,0.0,0.0,0.0
"A university, a culinary dish, and an airport code are the notable remaining users of what older form a city's name that officially starts with a ""B""?",1.0,0.0,0.0,,,,,,0.0,0.0,0.0,"A university, a culinary dish, and an airport code are the notable remaining users of what older form a city's name that officially starts with a ""B""?",Peking,0,0.0,0.0,0.0
"Vincenzo from the drama of the same name, sits down with Hong Yu Chan to enjoy what libration whose name literally means ""to carelessly strain""",0.0,0.0,1.0,,,,,,0.0,0.0,1.0,"Vincenzo from the drama of the same name, sits down with Hong Yu Chan to enjoy what libration whose name literally means ""to carelessly strain""",makgeolli,0,0.0,0.0,0.0
"What country shares a language with its more populous northern neighbor but in its written form omits a letter that looks like a Greek beta, writing the sound instead by doubling another letter? That character appears in that language's words for foot, big, outside, and street.",0.0,1.0,0.0,,,,,,0.0,0.0,0.0,"What country shares a language with its more populous northern neighbor but in its written form omits a letter that looks like a Greek beta, writing the sound instead by doubling another letter? That character appears in that language's words for foot, big, outside, and street",Swiss German,0,0.0,0.0,0.0
"If during weightlifting you load up your bar with two 20kg plates on each side and the standard olympic bar itself weighs the same as one of those plates, how much total weight would one lift?",0.0,0.0,1.0,,,,,,0.0,0.0,1.0,"If during weightlifting you load up your bar with two 20kg plates on each side and the standard olympic bar itself weighs the same as one of those plates, how much total weight would one lift?",100kg / 220 pounds,0,1.0,0.0,0.0
"What 2000 film features the actors who played Batman from 2008's ""The Dark Night"", the Joker from 2016's ""Suicide Squad"", and the Green Goblin from 2002's Spiderman and was the directed by the same director as 2005's ""The Notorious Betty Paige""?",1.0,0.0,0.0,,,,,,0.0,0.0,1.0,"What 2000 film features the actors who played Batman from 2008's ""The Dark Night"", the Joker from 2016's ""Suicide Squad"", and the Green Goblin from 2002's Spiderman and was the directed by the same director as 2005's ""The Notorious Betty Paige""?",American Psycho,0,0.0,0.0,0.0
What country won the most recent world cup?,0.0,0.0,1.0,,,,,,0.0,0.0,0.0,What country won the most recent world cup?,Argentina,0,1.0,0.0,0.0
Herodotus claims that the Persians used what animal against their foes at the battle of Pelusium?,0.0,1.0,0.0,,,,,,0.0,0.0,1.0,Herodotus claims that the Persians used what animal against their foes at the battle of Pelusium?,cats,1,0.0,0.0,0.0
"In 2011, education minister Armen Ashotyan announced that what board game as a required subject in his nation's schools?",0.0,0.0,1.0,,,,,,0.0,1.0,1.0,"In 2011, education minister Armen Ashotyan announced that what board game as a required subject in his nation's schools?",chess,1,1.0,,1.0
"Bayer was the first company to combine what organic material with the contents of its Asprin bottles, which functions both as a dessecant and to prevent pills from breaking?",0.0,1.0,0.0,,,,,,0.0,0.0,0.0,"Bayer was the first company to combine what organic material with the contents of its Asprin bottles, which functions both as a dessecant and to prevent pills from breaking?",cotton balls (or rayon),0,0.0,0.0,0.0
"In his memoirs, François Adrien Henri Dieudonné Thiébault described what man being attacked by a swarm of bunnies after a celibration of the Treaty of Tilsit?",0.0,0.0,0.0,,,,,,0.0,0.0,0.0,"In his memoirs, François Adrien Henri Dieudonné Thiébault described what man being attacked by a swarm of bunnies after a celibration of the Treaty of Tilsit?",Napoleon,1,0.0,0.0,1.0
What country ceased to be the largest nation on its continent in 2011?,0.0,1.0,0.0,,,,,,0.0,1.0,1.0,What country ceased to be the largest nation on its continent in 2011?,Sudan,0,1.0,0.0,0.0
What pair who own 2000 bitcoin are portrayed as antagonists in the Social Network?,0.0,0.0,0.0,,,,,,0.0,1.0,1.0,What pair who own 2000 bitcoin are portrayed as antagonists in the Social Network?,Winklevoss twins,1,1.0,0.0,0.0
"What 2022 film, the English-language debut of a Swedish director, featured the final appearance of a South African actress who died of sepsis?",0.0,1.0,0.0,,,,,,0.0,0.0,0.0,"What 2022 film, the English-language debut of a Swedish director, featured the final appearance of a South African actress who died of sepsis?",Triangle of Sadness,0,0.0,0.0,1.0
"What company named itself after a British monarch and claimed to be headquartered at 10 Margaret Street, London despite being an American company headquartered in Ohio?",0.0,0.0,0.0,,,,,,0.0,0.0,1.0,"What company named itself after a British monarch and claimed to be headquartered at 10 Margaret Street, London despite being an American company headquartered in Ohio?",Victoria's Secret,0,0.0,,0.0
"What substance, first isolated in 1845, inspired Hoffman to give a smelly name to its derivatives in an 1856 publication?",0.0,1.0,0.0,,,,,,0.0,0.0,1.0,"What substance, first isolated in 1845, inspired Hoffman to give a smelly name to its derivatives in an 1856 publication?",benzene,0,0.0,0.0,0.0
The Kayan of Myanmar and the Southern Ndebele of South Africa both use what form of decoration?,0.0,0.0,0.0,,,,,,0.0,0.0,1.0,The Kayan of Myanmar and the Southern Ndebele of South Africa both use what form of decoration?,Neck Ring,0,1.0,0.0,0.0
What 1830s conflict between the province that was the birthplace of Donald Sutherland on one side and the state that is the birthplace of Stephen King had a bear as its lone casualty?,0.0,1.0,0.0,,,,,,0.0,0.0,1.0,What 1830s conflict between the province that was the birthplace of Donald Sutherland on one side and the state that is the birthplace of Stephen King had a bear as its lone casualty?,"Aroostook War (sometimes called the Pork and Beans War[1]), or the Madawaska War",1,1.0,0.0,1.0
"What 1967 short story, later adapted into a 1988 film, was described as a double-suicide by its author and whose native language title combines characters for ""fire"" (火) and ""drop"" (垂)?",0.0,0.0,1.0,,,,,,0.0,0.0,1.0,"What 1967 short story, later adapted into a 1988 film, was described as a double-suicide by its author and whose native language title combines characters for ""fire"" (火) and ""drop"" (垂)?",Grave of the Fireflies (Hotaru no Haka),0,0.0,0.0,0.0
In what year was the purchase of potent potables precluded by a passed repair to the primary law of the United States?,0.0,0.0,0.0,,,,,,0.0,0.0,0.0,In what year was the purchase of potent potables precluded by a passed repair to the primary law of the United States?,1920,0,0.0,0.0,0.0
"If it's 11pm on New Year's Even in Kabul, what is the most populous country celebrating the start of a New Year?",0.0,0.0,0.0,,,,,,0.0,0.0,1.0,"If it's 11pm on New Year's Even in Kabul, what is the most populous country celebrating the start of a New Year?","India (Afghanistan is +4:30UTC, India is +5:30)",0,0.0,0.0,0.0
"In 1804, what deaf man scratched out the name of a French general born in Corsica?",0.0,1.0,0.0,,,,,,0.0,0.0,1.0,"In 1804, what deaf man scratched out the name of a French general born in Corsica?",Beethoven,0,0.0,0.0,0.0
"What actress who appeared in in the 2015 installment of the Fast & Furious films got permission from a man who had a recurring role in ""It's Always Sunny in Philadelphia"" to borrow his nickname (and who also died in the same year, 2015)?",0.0,0.0,1.0,,,,,,0.0,0.0,1.0,"What actress who appeared in in the 2015 installment of the Fast & Furious films got permission from a man who had a recurring role in ""It's Always Sunny in Philadelphia"" to borrow his nickname (and who also died in the same year, 2015)?",Ronda Rousey,0,0.0,0.0,0.0
What modern day country was The man who served in between Boutros and Ban from?,0.0,1.0,0.0,,,,,,0.0,0.0,1.0,What modern day country was The man who served in between Boutros and Ban from?,Ghana,0,0.0,0.0,0.0
"Who is the president of the country represented by the second letter in the acronym BRICS, which refers to countries with emerging economies?",0.0,0.0,1.0,,,,,,0.0,0.0,0.0,"Who is the president of the country represented by the second letter in the acronym BRICS, which refers to countries with emerging economies?",Vladimir Putin,0,0.0,0.0,0.0
Clarence Thomas had to deny calling himself a vulgar pun on what name?,0.0,1.0,0.0,,,,,,0.0,0.0,0.0,Clarence Thomas had to deny calling himself a vulgar pun on what name?,Long John Silver,0,0.0,0.0,0.0
What city in England is home to the studios where the British game show that resembles quiz bowl is filmed and where the test of whether an AI is intelligent was proposed?,0.0,0.0,0.0,,,,,,0.0,0.0,1.0,What city in England is home to the studios where the British game show that resembles quiz bowl is filmed and where the test of whether an AI is intelligent was proposed?,Manchester,0,0.0,0.0,0.0
At what thermometer reading would Canadians and Americans have no disagreement about where it's colder?,0.0,1.0,0.0,,,,,,0.0,0.0,1.0,At what thermometer reading would Canadians and Americans have no disagreement about where it's colder?,-40,1,1.0,1.0,1.0
The prime gap is the difference between successive prime numbers. What primes are in the set of prime gaps?,0.0,0.0,1.0,,,,,,0.0,0.0,1.0,The prime gap is the difference between successive prime numbers,2,0,1.0,0.0,0.0
What team lost the world cup finals in their home stadium but went on to defeat another country in their home stadium and win their first world cup eight years later?,0.0,0.0,0.0,,,,,,0.0,1.0,1.0,What team lost the world cup finals in their home stadium but went on to defeat another country in their home stadium and win their first world cup eight years later?,"Brazil (defeated by Uraguay in 1950, beat Sweden in 1958)",0,1.0,0.0,0.0
"Conrade Meit, Hans Baldung Grien, Sebald Beham, Donatello, and Artemesia Gentileschi all depicted a woman holding what?",0.0,0.0,1.0,,,,,,0.0,0.0,0.0,"Conrade Meit, Hans Baldung Grien, Sebald Beham, Donatello, and Artemesia Gentileschi all depicted a woman holding what?",Head of Holofernes,0,0.0,0.0,0.0
In what novel published a quarter century after the title does the son of a telephone fee collector whose earliest memory is his mother having an affair write a novel dictated by a dyslexic teenager that exposes the magical foundation of a cult whose paralysis-prone leader is killed by an assassin whose name means green peas?,0.0,0.0,0.0,,,,,,0.0,0.0,0.0,In what novel published a quarter century after the title does the son of a telephone fee collector whose earliest memory is his mother having an affair write a novel dictated by a dyslexic teenager that exposes the magical foundation of a cult whose paralysis-prone leader is killed by an assassin whose name means green peas?,1Q84 - Hachi-Yon,0,0.0,0.0,0.0
"Mike Bribiglia appears as a mourner at a funeral in the music video for what song that muses that the central character is ""laughing up at us from hell""; the song also contrasts the central character with a ""monster on the hill"" in contrast to everyone else being a ""sexy baby"", a possible 30 Rock reference.",0.0,0.0,0.0,,,,,,0.0,0.0,0.0,"Mike Bribiglia appears as a mourner at a funeral in the music video for what song that muses that the central character is ""laughing up at us from hell""; the song also contrasts the central character with a ""monster on the hill"" in contrast to everyone else being a ""sexy baby"", a possible 30 Rock reference",Anti-Hero,0,0.0,0.0,0.0
What country has one more FIFA World Cup title than Germany and Italy and four more than England and Spain?,,,,1.0,0.0,1.0,1.0,0.0,0.0,1.0,1.0,What country has one more FIFA World Cup title than Germany and Italy and four more than England and Spain?,Brazil,1,1.0,1.0,0.0
What color did Real Madrid wear during the 2017 Champions League final?,,,,1.0,0.0,0.0,0.0,0.0,0.0,0.0,0.0,What color did Real Madrid wear during the 2017 Champions League final?,Purple,0,0.0,0.0,0.0
What film shares a setting with a musical based on the perspective of two witches named after cardinal directions?,,,,1.0,1.0,1.0,1.0,0.0,1.0,1.0,0.0,What film shares a setting with a musical based on the perspective of two witches named after cardinal directions?,The Wizard of Oz,0,1.0,0.0,0.0
"In which U.S state, in February of 2023, did Ryan Crouser throw further than the world record by a centimeter, but it was not counted because the indoor shot-put ring was too large, and the landing area was too downhill from the ring?",,,,1.0,0.0,0.0,0.0,0.0,0.0,0.0,0.0,In which U,Idaho,0,0.0,0.0,0.0
"Who threw the football during the ""Mile High Miracle""?",,,,1.0,0.0,0.0,0.0,0.0,0.0,0.0,1.0,"Who threw the football during the ""Mile High Miracle""?",Joe Flacco,1,1.0,0.0,0.0
What country is home to one of the oldest cities in the world whose Arabic name is based on the trilateral root JBL and borders a sea known as ‚ÄúThe Middle‚Äù in Arabic?,,,,0.0,0.0,0.0,0.0,0.0,0.0,0.0,1.0,What country is home to one of the oldest cities in the world whose Arabic name is based on the trilateral root JBL and borders a sea known as ‚ÄúThe Middle‚Äù in Arabic?,Lebanon,1,1.0,0.0,0.0
Who was able to turn men into stone sculptures by just taking a glance at them?,,,,1.0,0.0,1.0,0.0,1.0,0.0,1.0,1.0,Who was able to turn men into stone sculptures by just taking a glance at them?,Medusa,0,1.0,1.0,1.0
Which of the first Adidas Yeezy Boost 350 designs had an out of this world themed name?,,,,1.0,0.0,0.0,1.0,0.0,0.0,0.0,1.0,Which of the first Adidas Yeezy Boost 350 designs had an out of this world themed name?,Moonrock,0,1.0,0.0,1.0
What 1987 hit song contains a line that rhymes with ketchup?,,,,1.0,0.0,0.0,0.0,0.0,0.0,0.0,0.0,What 1987 hit song contains a line that rhymes with ketchup?,Never Gonna Give You Up,0,1.0,0.0,0.0
"What is a fourth of the 5th Bell number, often seen as an unlucky number?",,,,0.0,0.0,0.0,0.0,0.0,0.0,0.0,1.0,"What is a fourth of the 5th Bell number, often seen as an unlucky number?",13/Thirteen,0,0.0,0.0,0.0
"In how many states do either of the two longest main-stem rivers in the United States, one of which served as one of the main routes of westward expansion and one as a dividing line between different regions, pass through?",,,,1.0,1.0,1.0,0.0,0.0,0.0,0.0,0.0,"In how many states do either of the two longest main-stem rivers in the United States, one of which served as one of the main routes of westward expansion and one as a dividing line between different regions, pass through?",15,0,0.0,0.0,0.0
What would be the Bic Macs burger to bun ratio if we doubled meat?,,,,1.0,1.0,0.0,0.0,0.0,0.0,0.0,0.0,What would be the Bic Macs burger to bun ratio if we doubled meat?,4:03,0,0.0,0.0,0.0
What novelist was one of the original authors of a famous sword and sorcery hero before writing his own book series based on the philosophical idea of eternal recurrence?,,,,1.0,1.0,0.0,0.0,0.0,0.0,0.0,0.0,What novelist was one of the original authors of a famous sword and sorcery hero before writing his own book series based on the philosophical idea of eternal recurrence?,Robert Jordan,1,0.0,0.0,0.0
What fruit commonly used in sandwiches and salads is red?,,,,1.0,1.0,0.0,0.0,0.0,0.0,0.0,1.0,What fruit commonly used in sandwiches and salads is red?,Tomato,0,1.0,1.0,1.0
"What substance can cause burns in its gaseous form, lead to vomiting and sweating in high doses, and is the main component by weight in acid rain?",,,,1.0,0.0,0.0,1.0,0.0,0.0,1.0,0.0,"What substance can cause burns in its gaseous form, lead to vomiting and sweating in high doses, and is the main component by weight in acid rain?",Water,0,0.0,0.0,0.0
This brand's logo shares a name that a video game character that wears a red hat and blue overalls used to have. What is this brand?,,,,1.0,0.0,0.0,0.0,0.0,0.0,0.0,0.0,This brand's logo shares a name that a video game character that wears a red hat and blue overalls used to have,Air Jordan,0,0.0,0.0,0.0
What famous art piece that is currently in France is referred to as La Giaconda?,,,,1.0,0.0,1.0,0.0,0.0,0.0,1.0,1.0,What famous art piece that is currently in France is referred to as La Giaconda?,Mona Lisa,1,1.0,1.0,1.0
What is the name of the cricket team that is owned by the founder of Poomaalai and is considered to have one of the best bowling sides?,,,,1.0,0.0,0.0,0.0,0.0,0.0,0.0,0.0,What is the name of the cricket team that is owned by the founder of Poomaalai and is considered to have one of the best bowling sides?,Sunrisers Hyderabad,0,0.0,0.0,0.0
What book does Liesel read in a novel from 2005 that has a title which is similar to the Sandman's job?,,,,1.0,0.0,0.0,0.0,0.0,0.0,0.0,0.0,What book does Liesel read in a novel from 2005 that has a title which is similar to the Sandman's job?,The Dream Carrier,1,0.0,0.0,0.0
"What is the name of a famous surrealist painting which originally was thought to be inspired by a scientific theory about space-time but was in fact inspired by a soft, surface-ripened, brie-like cheese melting in the sun?",,,,1.0,0.0,1.0,1.0,0.0,0.0,1.0,1.0,"What is the name of a famous surrealist painting which originally was thought to be inspired by a scientific theory about space-time but was in fact inspired by a soft, surface-ripened, brie-like cheese melting in the sun?",The Persistence of Memory,0,1.0,1.0,1.0
"What is the name of the American actor who stood up for his wife with a ""slap that was heard around the world"" during a popular awards show?",,,,1.0,0.0,1.0,0.0,1.0,0.0,1.0,1.0,"What is the name of the American actor who stood up for his wife with a ""slap that was heard around the world"" during a popular awards show?",Will Smith,0,1.0,0.0,0.0
In what year did the United States ban a liquid for its detrimental effects on the organ located in the upper right-hand portion of the abdominal cavity?,,,,0.0,1.0,0.0,0.0,0.0,0.0,0.0,1.0,In what year did the United States ban a liquid for its detrimental effects on the organ located in the upper right-hand portion of the abdominal cavity?,1919,1,0.0,0.0,0.0
"What is the name of the language which only has 45,900 speakers, allows for word-initial double consonants, and is the official language of an island country with the world's second-largest regional shark sanctuary?",,,,1.0,0.0,0.0,0.0,0.0,0.0,0.0,0.0,"What is the name of the language which only has 45,900 speakers, allows for word-initial double consonants, and is the official language of an island country with the world's second-largest regional shark sanctuary?",Chuukese,0,0.0,0.0,0.0
Which movie features a feathery animal that travels back in time to save its own species from doomsday that has been celebrated every year?,,,,0.0,1.0,0.0,0.0,0.0,0.0,0.0,1.0,Which movie features a feathery animal that travels back in time to save its own species from doomsday that has been celebrated every year?,Free Birds,0,0.0,0.0,0.0
What year is the closest palindromic year to 2001?,,,,0.0,1.0,1.0,1.0,0.0,0.0,0.0,1.0,What year is the closest palindromic year to 2001?,2002,0,1.0,0.0,0.0
"The easternmost state in the U.S. has more than triple its population in lakes and it is known to have good salmon, which state is it?",,,,0.0,0.0,0.0,1.0,0.0,0.0,0.0,0.0,The easternmost state in the U,Alaska,0,0.0,0.0,0.0
The basic document of the French Revolution was originally drafted by the Marquis de Lafayette. Which document was it?,,,,1.0,0.0,1.0,0.0,0.0,0.0,0.0,0.0,The basic document of the French Revolution was originally drafted by the Marquis de Lafayette,The Declaration of the Rights of Man and the Citizen,0,0.0,1.0,0.0
"Which French historic monument, sold to Cardinal Mazarin, was the Louisiana purchase signed in?",,,,1.0,0.0,0.0,0.0,0.0,0.0,0.0,0.0,"Which French historic monument, sold to Cardinal Mazarin, was the Louisiana purchase signed in?",Hôtel Tubeuf or Hôtel Duret-de-Chevry,0,1.0,0.0,0.0
This actress had a role in a film where her grandmother shares a strong resemblance to Mrs. Robinson and also had a role in 'Friends.',,,,1.0,0.0,0.0,0.0,1.0,0.0,1.0,1.0,This actress had a role in a film where her grandmother shares a strong resemblance to Mrs,Jennifer Aniston,1,0.0,1.0,0.0
Name an author that is usually referred to as 'the liu God' by his Chinese fan and was used as memes from his quote 'God doesn't care' in his most famous novel.,,,,1.0,0.0,1.0,1.0,0.0,0.0,0.0,1.0,Name an author that is usually referred to as 'the liu God' by his Chinese fan and was used as memes from his quote 'God doesn't care' in his most famous novel,Liu CiXin,0,1.0,1.0,0.0
Name the color of the sky in Aivazovsky's 'The Ninth Wave',,,,1.0,1.0,0.0,0.0,0.0,0.0,0.0,0.0,Name the color of the sky in Aivazovsky's 'The Ninth Wave',Orange,1,0.0,0.0,0.0
Which electronic musician from the UK is known for his unorthodox stage name that references a character in sitcom television?,,,,1.0,0.0,0.0,0.0,0.0,0.0,1.0,0.0,Which electronic musician from the UK is known for his unorthodox stage name that references a character in sitcom television?,Ross from Friends,0,0.0,0.0,0.0
"What is the title of the 2003 best-selling book that delves into the lives of two young boys in Afghanistan, exploring themes of friendship, betrayal, and redemption against the backdrop of political turmoil?",,,,1.0,0.0,1.0,0.0,1.0,0.0,1.0,1.0,"What is the title of the 2003 best-selling book that delves into the lives of two young boys in Afghanistan, exploring themes of friendship, betrayal, and redemption against the backdrop of political turmoil?",The Kite Runner,0,1.0,1.0,1.0
"If I will strike down upon thee with great vengeance and furious anger those who attempt to poison and destroy my brothers, what will you know that my name is when I lay my vengeance upon thee?",,,,1.0,0.0,1.0,0.0,1.0,1.0,0.0,1.0,"If I will strike down upon thee with great vengeance and furious anger those who attempt to poison and destroy my brothers, what will you know that my name is when I lay my vengeance upon thee?",The Lord,0,0.0,0.0,0.0
"Name the Kentucky quarterback that against all predictions, was not drafted in the first round of the 2023 NFL draft.",,,,1.0,0.0,1.0,0.0,0.0,0.0,0.0,0.0,"Name the Kentucky quarterback that against all predictions, was not drafted in the first round of the 2023 NFL draft",Will Levis,1,1.0,0.0,1.0
Which fashion creative director once worked closely with the designer Christian Dior before starting his own brand known widely by its acronym?,,,,1.0,0.0,1.0,0.0,1.0,0.0,1.0,1.0,Which fashion creative director once worked closely with the designer Christian Dior before starting his own brand known widely by its acronym?,Yves Saint Laurent,0,0.0,0.0,0.0
Who is known as the black mamba in the nba tournament,,,,1.0,1.0,1.0,1.0,0.0,0.0,1.0,1.0,Who is known as the black mamba in the nba tournament,Kobe Bryant,0,1.0,0.0,0.0
Which river is China's mother river?,,,,1.0,1.0,0.0,1.0,0.0,0.0,0.0,0.0,Which river is China's mother river?,Yellow River,0,1.0,0.0,0.0
Which artist's 'red' album went into production after receiving backlash for a televised interaction with a country pop star during the VMAs?,,,,1.0,0.0,0.0,0.0,0.0,0.0,0.0,1.0,Which artist's 'red' album went into production after receiving backlash for a televised interaction with a country pop star during the VMAs?,Kanye West,1,0.0,0.0,0.0
One of this video game's most recent events included a month-long social media takeover by musical artist Lil Nas X. This video game is developed and managed by a company whose parent company is one of the largest Chinese multinational companies. This game directly takes inspiration from one of the most popular Warcraft III MOBA mods.,,,,0.0,1.0,1.0,0.0,0.0,0.0,0.0,1.0,One of this video game's most recent events included a month-long social media takeover by musical artist Lil Nas X,League of Legends,1,0.0,0.0,0.0
"This person is a member of South Korea's largest boy band by size. He was a host for a popular program titled Show Champion, and is currently a member of his band's newest sub-unit which consists of three members.",,,,0.0,0.0,0.0,0.0,0.0,0.0,0.0,0.0,This person is a member of South Korea's largest boy band by size,Jaehyun,0,0.0,0.0,0.0
"This genus spans from shrubs to small trees, varying between evergreen and deciduous. It is the national flower of a nation with a flag that does not abide by the regular shape of a rectangle.",,,,1.0,0.0,0.0,0.0,0.0,0.0,0.0,1.0,"This genus spans from shrubs to small trees, varying between evergreen and deciduous",Rhododendron,1,1.0,0.0,0.0
This city was the first capital of the American state that was admitted to the union 29 years after the first admitted state. The first man to break the 51 second barrier for the 100m butterfly was born in this city. This city also shares the same name as the largest city of the state that contains Crater Lake National Park. What is this city that has a name that contains a word that can be used to describe wine and resides in the easternmost United States state that borders Canada?,,,,1.0,0.0,0.0,0.0,0.0,0.0,0.0,0.0,This city was the first capital of the American state that was admitted to the union 29 years after the first admitted state,Portland Maine,0,0.0,0.0,1.0
"This country's name consists of two words, and the second word's first syllable sounds like the Spanish word meaning ""low"" and its second syllable sounds like the Spanish word meaning ""more"". Historically, this country became known as a safe place for African slaves to reside in during the late 19th century. Tourism is an important part of its economy, perhaps due to its key location below Florida.",,,,0.0,1.0,0.0,0.0,0.0,0.0,0.0,0.0,"This country's name consists of two words, and the second word's first syllable sounds like the Spanish word meaning ""low"" and its second syllable sounds like the Spanish word meaning ""more""",The Bahamas,0,0.0,0.0,1.0
The second king of the Neo-Babylonian empire was the namesake of the ship in this movie. This movie’s content is often associated with the Allegory of the Cave. The main character in this movie also played Ted in Bill and Ted’s Excellent Adventure. The name of this movie is a main topic of linear algebra.,,,,1.0,0.0,1.0,0.0,0.0,0.0,0.0,1.0,The second king of the Neo-Babylonian empire was the namesake of the ship in this movie,The Matrix,1,0.0,1.0,0.0
"The title of this book shares a word with the title of a song of which the author, who acted in the 2002 film, 8 Mile, addressed to his daughter and niece. This book was one of two books that this author wrote, the other was published after, but was written before this book even though the events were set two decades later. This book was originally named after the iconic righteous legal practitioner in this book, but it was later retitled based on a quote from that same character.",,,,0.0,1.0,0.0,0.0,0.0,0.0,0.0,0.0,"The title of this book shares a word with the title of a song of which the author, who acted in the 2002 film, 8 Mile, addressed to his daughter and niece",To Kill a Mockingbird,0,0.0,0.0,0.0
"In this sport, playing the game nine targets is banned in almost every U.S state. This sport's scoring system involves addition and multiplication. In this sport, one is called a strike, two is called a double, and three is a symbol of thanks. What is this sport?",,,,1.0,0.0,0.0,0.0,0.0,0.0,0.0,1.0,"In this sport, playing the game nine targets is banned in almost every U",Bowling,0,0.0,1.0,1.0
He's a criminal but he's not heartless because he seems to care a lot about whether Annie is okay. But he's not just any kind of criminal: he's very smooth. Who is this famous music artist?,,,,1.0,1.0,0.0,0.0,0.0,0.0,0.0,1.0,He's a criminal but he's not heartless because he seems to care a lot about whether Annie is okay,Michael Jackson,0,0.0,0.0,0.0
"This disney star had a show named after the state whose capital is Helena. This singer's most recent hit was a song about the brother of Chris Hemsworth. Liam Hemsworth, who is famously known for playing Josh Taylor, married which Disney star?",,,,1.0,1.0,0.0,0.0,0.0,0.0,0.0,1.0,This disney star had a show named after the state whose capital is Helena,Miley Cyrus,0,1.0,1.0,1.0
This country employs cats to protect artifacts at a museum that is free of charge the third Thursday of every month. This modern country had the engineer who created the famous game which involves rotating blocks. What country is most recognizable for an alcoholic drink created by Poland?,,,,1.0,0.0,0.0,0.0,0.0,0.0,0.0,1.0,This country employs cats to protect artifacts at a museum that is free of charge the third Thursday of every month,Russia,0,0.0,0.0,0.0
"This inhumane king was a key main character in a famous Classic Chinese novel. Deemed a king by his subordinates, this character enjoys consuming fruit, especially peaches. What is the name of the character who traveled with two monks, a horse, and a pig?",,,,1.0,0.0,0.0,0.0,0.0,0.0,0.0,1.0,This inhumane king was a key main character in a famous Classic Chinese novel,Sun Wukong,1,0.0,0.0,0.0
"This element is always found within other minerals, never on its own. This element is known to be toxic to nature's plants and animals. The density of this element is very close to the density of a precious metal commonly found in jewelry. The majority of this element is stored in the country whose national sport is ping-pong. What is the name of the element with the highest melting point?",,,,1.0,1.0,0.0,0.0,0.0,0.0,0.0,1.0,"This element is always found within other minerals, never on its own",Tungsten,0,0.0,0.0,1.0
"For more than a decade, this movie was never officially released in the US or Canada except for the purpose of film festivals due to its 'crude' nature. In this movie, the government, in order to control the unemployed youth, votes on a law, which states that every year, students from a randomly chosen class will be transferred to a secluded island where they will have to fight to the last person standing. Name the novel this movie was based on.",,,,1.0,0.0,0.0,0.0,0.0,0.0,0.0,1.0,"For more than a decade, this movie was never officially released in the US or Canada except for the purpose of film festivals due to its 'crude' nature",Battle Royale,1,0.0,0.0,1.0
"There existed a diplomat from Vietnam. Although he was lauded for his scientific achievements, he was a strong believer in eastern philosophy - he was a pioneer in chemical carcinogenesis where it involved the fundamental ring systems and derivatives of 1,2-benzanthracene, the dibenzopyrenes, steranthrenes, anthanthrene, 1,2,3,4-dibenzanthracene, a variety of benzo and dibenzofluoranthenes. He was also a secular buddhist who became an elected president with thousands of workers stranded in France in the 1950s. He also travelled to the United States and also to Cambodia, to meet the pope of Cao Đài and his entourage in Cambodia. Who is this man?",,,,0.0,0.0,0.0,0.0,0.0,0.0,0.0,0.0,There existed a diplomat from Vietnam,Bửu Hội,1,0.0,0.0,0.0
"This film has been entirely composed, directed and produced by a single person, for the most part. In this film, it stars a Filipino driver who is fascinated by space travel. Using elements of repetition and flashbacks, as well as covering controversial topics such as circumcision, this Filipino man finds solace in thinking that success is achievable in the United States. Upon reaching here, he realises that success is found “within”. What film is this?",,,,0.0,0.0,0.0,0.0,0.0,0.0,0.0,0.0,"This film has been entirely composed, directed and produced by a single person, for the most part",perfumed nightmare,1,0.0,0.0,0.0
"The actors in this movie and this movie received multiple oscar awards this year. They received awards for best picture, best director, best original score, best actress, best original screenplay and more. The lead female actor is originally from Malaysia. She also acted in another movie where she played the role of the mother for the lead male actor and acted together with Constance Wu and awkwafina. Who is this female actor?",,,,1.0,0.0,0.0,0.0,0.0,0.0,0.0,1.0,The actors in this movie and this movie received multiple oscar awards this year,Michelle Yeoh,0,0.0,0.0,0.0
"This person was a Dutch golden age painter, born in 1606 at a city in the province of south holland. He is known for many of his artworks, where one of his artwork was attacked with a common kitchen tool that is used for bread in the year 1975, and in 1990 another person sprayed a liquid that is low the pH scale on this painting. Which is the painting that is being referred to here?",,,,1.0,0.0,0.0,0.0,0.0,0.0,0.0,1.0,"This person was a Dutch golden age painter, born in 1606 at a city in the province of south holland",The Night Watch,0,0.0,0.0,1.0
"This singer is a Japanese artist who initially debuted in 2018 as an independent artist. The first original song released is named after the type of small Solar System body composed of ice and dust, which releases gasses as it orbits the Sun. The following year after their debut, the artist signed a contract with INoNaKa Music. Her first single release was under Cover Corp. in 2020. Her first album was released in Fall of 2021 and featured her newest song, ""Stellar Stellar."" Who is this artist that became the first Virtual Youtuber to appear on The First Take?",,,,1.0,0.0,0.0,0.0,0.0,0.0,0.0,0.0,This singer is a Japanese artist who initially debuted in 2018 as an independent artist,Hoshimachi Suisei,0,0.0,0.0,0.0
"When taking the first, second, and third derivative of this term, these terms will share the same name of the gnomes that appear on a brand of cereal marketed by Kellogs. The clothoid curvature results in this term being constant. When taking the integral of this term, the value of this term becomes 9.8 for an object that falls through a vacuum. Name this term that is used to describe objects in motion.",,,,1.0,0.0,0.0,0.0,0.0,0.0,0.0,0.0,"When taking the first, second, and third derivative of this term, these terms will share the same name of the gnomes that appear on a brand of cereal marketed by Kellogs",Jerk,1,0.0,0.0,0.0
"This film falls under the category of comedy. The film is animated, and revolves around the childhood of the main character from the series films. The series of films revolves around the main character’s desire to become a supervillain. The release of the movie sparked the internet phenomenon where teenagers who went to watch the film wore suits. One of the companions of the protagonist is “Bob,” who is small, yellow, has two eyes, and often wears overalls. What is the name of this film where the protagonist, who is portrayed as a child, tries to become the greatest supervillain with his minions?",,,,1.0,1.0,0.0,0.0,0.0,0.0,0.0,0.0,This film falls under the category of comedy,Minions: The Rise of Gru,0,0.0,0.0,0.0
"Which specific city serves as the location for the recurring yearly observance of a sacred ceremonial occasion that extends for an approximate duration of twelve consecutive calendar days encompassing two months and is further characterized by its nomenclature being linked to a site of religious reverence focusing on the dentition-related anatomical attribute? Additionally, delving into antiquity, it is known that an esteemed historical artifact, presumed to have been in possession of the venerated spiritual popular in East Asia, was conveyed from the geographical region of India to the nation-state wherein this aforementioned metropolis is situated. While this particular observance has persisted as an enduring custom throughout history, it was officially institutionalized as a communal event during the governance of a noteworthy sovereign ruler in the 18th century.",,,,1.0,0.0,0.0,0.0,0.0,0.0,0.0,0.0,"Which specific city serves as the location for the recurring yearly observance of a sacred ceremonial occasion that extends for an approximate duration of twelve consecutive calendar days encompassing two months and is further characterized by its nomenclature being linked to a site of religious reverence focusing on the dentition-related anatomical attribute? Additionally, delving into antiquity, it is known that an esteemed historical artifact, presumed to have been in possession of the venerated spiritual popular in East Asia, was conveyed from the geographical region of India to the nation-state wherein this aforementioned metropolis is situated","Kandy, Sri Lanka",0,0.0,0.0,0.0
"What early 90s film focuses on how a widower in Chicago moves on after his spouse passes away? His child attempts to assist him by meddling. Through the use of radio and compelling storytelling, the child draws in a large audience, especially many women. This film ends on the observation deck of a very famous building in a city coined the 'Big Apple.'",,,,1.0,0.0,0.0,0.0,0.0,0.0,0.0,1.0,What early 90s film focuses on how a widower in Chicago moves on after his spouse passes away? His child attempts to assist him by meddling,Sleepless in Seattle,0,0.0,0.0,0.0
