Question,Answer,1,2,3,4,5,6,7,8,9,10,11,12,13,14,15,16,17,18,19,20,21,22,23,24,25,26,27,28,29,30,31,32,33,34,35,36,37,38,39,40,41,42,43,44,45,46,47,48,49,50,51,52,53,54,55,56,57,58,59,60,61,62,63,64,65,66,67,68,69,70,71,72,73,74,75,76,77,78,79,80,81,82,83,84,85,86,87,88,89,90,91,92,93,94,95,96,97,98,99,100,101,102,103,104,105,106,107,108,109,110,111,112,113,114,115,116,117,118,119,120,121,122,123,124,125,126,127,128,129,130,131,132,133,134,135,136,137,138,139,140,141,142,143,144,145,146,147,148,149,150,151,152,153,154,155,156,157,158,159,160,161,162,163,164,165,LLAMA,GPT4,DPR,Question,Answer,GPT3,RAG,MISTRAL,LLAMA3,LLAMA2_70B,LLAMA3_70B,CHATGPT
Who was president of the United States in the year that Citibank was founded?,james madison,,,,0.0,0.0,,,,,,0.0,,0.0,0.0,,,,,0.0,,0.0,,,,,,,0.0,,,,,0.0,,,,,,0.0,,,,,0.0,0.0,,,,,,0.0,,,,,0.0,,,,,,,,,,,,0.0,,,,0.0,,,0.0,,,,,,,,0.0,,,,,,,,0.0,,,0.0,,,,,0.0,,,,0.0,,,,,0.0,,,0.0,,,0.0,,,,,0.0,0.0,,,,,,,,0.0,,0.0,,,,,,0.0,,,0.0,,,,,,,,,,0.0,,,0.0,,,,,,,0.0,,,,,0.0,0.0,0.0,0.0,0.0,Who was president of the United States in the year that Citibank was founded?,james madison,0,0,0,0.0,0.0,0,0
What rocket was the first spacecraft that ever approached Uranus launched on?,Titan IIIE,,0.0,,,,,,,,0.0,0.0,,0.0,,,,,,,,0.0,,0.0,,,,,,0.0,,0.0,,,,,,,,1.0,,,,,,0.0,,,,,,,,,,0.0,0.0,,,,,,,,,,0.0,,0.0,,,,,,,0.0,,,,0.0,0.0,,,0.0,,,,,,,,0.0,,,0.0,,,,0.0,,,0.0,,,0.0,,,,,,,,,,,,0.0,,,,0.0,,,,,,,,0.0,,,,,,0.0,,,,,,,,0.0,,0.0,,,,,,,0.0,0.0,,,,,0.0,,,0.0,,,,,,0.0,0.0,0.0,What rocket was the first spacecraft that ever approached Uranus launched on?,Titan IIIE,0,0,0,0.0,0.0,1,0
In what year was the company that was founded as Sound of Music added to the S&P 500?,1999,,,,,,,,,,,,,,,,,0.0,0.0,0.0,,,,,,,,,,,,,,,0.0,,,0.0,,,,,,,,,,,0.0,,,,,,,,,0.0,,,0.0,0.0,,,0.0,0.0,,,,0.0,,,,,,0.0,,,,0.0,,,,,,,,,,,,,,0.0,,,,0.0,,,,,,,,0.0,,,0.0,,,,,,,,0.0,,,,,0.0,,0.0,,,,0.0,,,1.0,,,,,,0.0,,,,0.0,,,,,0.0,,0.0,,,,,,,,0.0,0.0,,,,0.0,,,,,,0.0,0.0,0.0,In what year was the company that was founded as Sound of Music added to the S&P 500?,1999,0,0,0,0.0,0.0,0,0
Who was the first African American mayor of the most populous city in the United States?,David Dinkins,,,,1.0,,,,0.0,,,0.0,0.0,,,0.0,,,,,0.0,,,,,,0.0,,,,,,0.0,,,,,,,0.0,,0.0,,,0.0,,,,,,,,,,,,0.0,1.0,1.0,,,,1.0,1.0,,,,0.0,,,,0.0,,,,,,0.0,,,,1.0,,,,,,,,,0.0,0.0,,,,,1.0,,,,,0.0,,,1.0,,,0.0,,,,,,,,,,0.0,0.0,,,0.0,,0.0,,0.0,,,0.0,,0.0,,0.0,,,,,,0.0,,,,,0.0,,,,,1.0,,,,,,1.0,,,,,1.0,,,,,0.0,0.0,,1.0,0.0,Who was the first African American mayor of the most populous city in the United States?,David Dinkins,0,1,0,0.0,0.0,1,1
When did the last king from Britain's House of Hanover die?,20 June 1837,,,,,,,0.0,,,,,0.0,,,,0.0,0.0,,,,,,0.0,,,,0.0,,,0.0,,,,,,,,0.0,0.0,,,,0.0,,,,0.0,,,,,,,,0.0,,,,,,1.0,,0.0,,,,,,0.0,,,,0.0,,,,,,,,,,0.0,,,,0.0,,0.0,,,,,,0.0,,,,,,0.0,,,,,,,,0.0,,,0.0,,,0.0,,,0.0,,,,,,,0.0,,,,,,,,,,0.0,,,,0.0,,,,,,,0.0,,,0.0,,,,,,0.0,0.0,,,,,,,,,0.0,0.0,0.0,0.0,When did the last king from Britain's House of Hanover die?,20 June 1837,0,0,0,0.0,0.0,0,0
When did the president who set the precedent of a two term limit enter office?,"April 30, 1789",,,,,,0.0,,1.0,1.0,,,,,,,,,,,,,0.0,,,1.0,,,,,,,,,,,,,,,,0.0,,,0.0,,,,,,1.0,0.0,0.0,,,1.0,,1.0,,1.0,0.0,,,,,,1.0,,,,,0.0,,,,1.0,,,,,,,,,,,0.0,,,,,,,,,,0.0,,,,,0.0,,,0.0,,,,,,1.0,,1.0,,,0.0,,,0.0,,,,,,,0.0,,,,1.0,,,,1.0,,,1.0,,,,0.0,,,,,0.0,,,,1.0,,,,,,0.0,,,,,,,,0.0,,,0.0,0.0,0.0,When did the president who set the precedent of a two term limit enter office?,"April 30, 1789",0,0,0,0.0,0.0,0,0
When did the president who set the precedent of a two term limit leave office?,"March 4, 1797",,,,,,,,,1.0,,,,,,,,,,,0.0,,,,,,,,,,0.0,,1.0,,,1.0,0.0,,,,,,,,,1.0,0.0,,,,,,,,,,,,,1.0,0.0,0.0,,,1.0,,,,,,0.0,0.0,,,,,,,,,,,,,1.0,,,,0.0,,,,,,0.0,,,,,,1.0,,,,0.0,,1.0,,,,,,,1.0,,,,,,,,,,,,0.0,,,0.0,,,,,,0.0,,,,1.0,,,,,,0.0,,,,,,,,,,,0.0,,,,1.0,,,1.0,,,,0.0,0.0,0.0,When did the president who set the precedent of a two term limit leave office?,"March 4, 1797",0,0,0,0.0,0.0,0,1
How many people died in the second most powerful earthquake ever recorded?,131,,,,,,,,,,0.0,,,0.0,,,,,,,,,0.0,,,0.0,,,0.0,,,,,0.0,,,,,0.0,,,0.0,,0.0,0.0,0.0,,,,,,,0.0,,0.0,,,0.0,,,,,0.0,,,,,,,,,0.0,,,,,,,,,,,1.0,,,,,,,0.0,0.0,,,,,,,,0.0,,0.0,,,0.0,,,,,,,,,,0.0,0.0,,,,,,,,0.0,,0.0,,,,,,,0.0,,,,,0.0,,,0.0,,,,,,,,,0.0,,,,,,,,0.0,,,,,,,0.0,,,0.0,0.0,0.0,How many people died in the second most powerful earthquake ever recorded?,131,0,0,0,0.0,0.0,0,0
Can people who have celiac eat camel meat?,Yes,,,,,1.0,1.0,,,,1.0,,,,,1.0,,,,,,,1.0,,,,1.0,,,,1.0,,1.0,,,,,,,,1.0,,,,,,,,1.0,,,,,,,,,,,0.0,,,,,,,1.0,,,,,,,,,,1.0,,,,,1.0,,,,,,,,,,,,,,,,,1.0,,,,1.0,,,1.0,,,,,,,,,,,,,,,,,,,,,,,,1.0,1.0,,1.0,,,1.0,,,,1.0,,,,,,,,1.0,,,,,,,1.0,,,,,,0.0,,,1.0,,,0.0,1.0,0.0,Can people who have celiac eat camel meat?,Yes,1,1,0,1.0,0.0,1,1
What was the final book written by the author of On the Origin of Species?,The Formation of Vegetable Mould Through the Action of Worms,,,,,,,,,,,,,,,,0.0,0.0,,,,,,,,,0.0,,,0.0,,,,,,,,0.0,,,,,,,,,,0.0,,,,,,,,,,,0.0,,,0.0,,0.0,,0.0,,0.0,,,,,,,0.0,,,,,,,,,,,,,,,0.0,,,0.0,0.0,,,,,,0.0,,,,,,,,0.0,,,,,,,,0.0,,,,,,,,,,,,,0.0,,,,,,,,0.0,,,,0.0,,,,,,,,,0.0,0.0,,,0.0,,,,,,,0.0,,,,,,0.0,0.0,0.0,What was the final book written by the author of On the Origin of Species?,The Formation of Vegetable Mould Through the Action of Worms,0,1,0,0.0,0.0,0,1
When was the company that built the first steam locomotive to carry passengers on a public rail line founded?,1823,,,0.0,,,,,,,,,0.0,,,,,,,0.0,,,,0.0,,,,,,,,,,,,,,,0.0,,0.0,,0.0,,,,0.0,,,,0.0,,,,,,,,,,,0.0,,,,,0.0,,0.0,,,,,,,,0.0,0.0,,,,,,,0.0,,,0.0,,,,,,,0.0,,,,0.0,,,,,,,,,,,0.0,,0.0,,,0.0,0.0,,,,,,,,,,,0.0,,0.0,,,,,,0.0,,0.0,0.0,,,,,,,,0.0,0.0,,0.0,,,,,,0.0,,,,,,,0.0,,,,,0.0,0.0,0.0,When was the company that built the first steam locomotive to carry passengers on a public rail line founded?,1823,0,0,0,0.0,0.0,0,0
Which Theranos whistleblower is not related to a senior American government official?,Erika Cheung,,,,,,,,,,,0.0,,0.0,,,,,,,,,,,0.0,0.0,,,,,,,,,0.0,,,,,0.0,,,,,,,,,,,0.0,,,,,,,,0.0,,0.0,,0.0,,,0.0,0.0,,,,,,,,,,0.0,,0.0,,0.0,,,0.0,,0.0,,,,,,,0.0,,,,,0.0,,,,,0.0,,,,,,,1.0,,,,,,,,,0.0,1.0,0.0,0.0,,0.0,,,0.0,0.0,,,,,,,,,,0.0,,,,0.0,,,,,,,,,,,,,,,0.0,,0.0,,,,,,0.0,,0.0,0.0,0.0,Which Theranos whistleblower is not related to a senior American government official?,Erika Cheung,0,0,0,0.0,0.0,1,0
What is the fastest air-breathing manned aircraft mostly made out of?,Titanium,,,,1.0,,,,,0.0,0.0,,,,,,,0.0,,0.0,,,,,,,,,,,,,,0.0,,0.0,,,,,0.0,,,,,,,,1.0,0.0,,,,,0.0,0.0,0.0,,,0.0,,,,,,,0.0,,,0.0,,,,,0.0,,,0.0,,,,0.0,1.0,,,,,,,,,,,,1.0,,0.0,,,,,0.0,,,,,,,,,1.0,,,,0.0,0.0,,0.0,,,,,,,,,0.0,,0.0,,,,,,,,,,,,,,0.0,,,1.0,,,,,0.0,,,1.0,,,,0.0,,,,,,,,0.0,0.0,1.0,0.0,What is the fastest air-breathing manned aircraft mostly made out of?,Titanium,0,1,0,0.0,0.0,1,1
Who built the fastest air-breathing manned aircraft?,Lockheed Corporation,,,,0.0,,,,0.0,,,,0.0,,,,,,,,,,0.0,,,0.0,,0.0,,,,0.0,,,0.0,,0.0,,,,,,,,,0.0,,1.0,,0.0,0.0,,,,,,,,0.0,,,,,,,,,,,,0.0,,,,0.0,,,,,,,,,,0.0,,,,,,0.0,,,0.0,,0.0,,,,,,0.0,,,,,,0.0,,,0.0,,,,0.0,0.0,,,,,0.0,,,,0.0,,,,,,,,,,1.0,,,,,,,,1.0,,,1.0,,,0.0,,,,,,0.0,,,,,,,,,,0.0,,0.0,0.0,0.0,Who built the fastest air-breathing manned aircraft?,Lockheed Corporation,0,0,0,0.0,0.0,1,1
When was the author of The Population Bomb born?,"May 29, 1932",,,,,,0.0,0.0,0.0,,,,,,,,,,,0.0,,,,,,,,0.0,0.0,,,,,0.0,,,,,,,0.0,,0.0,0.0,,,,,,,,0.0,,0.0,,,,,,,,,,,,0.0,,,0.0,,,,,0.0,0.0,,,,,,,,,,,0.0,,0.0,0.0,,0.0,,,0.0,,,0.0,,,,,0.0,,,,,1.0,,,,,,,,,,,,,,,0.0,,,0.0,,,0.0,,,,,,,0.0,0.0,,,,0.0,,1.0,,,,,,0.0,,,,,,,0.0,,0.0,,,,,,0.0,,,,0.0,1.0,0.0,When was the author of The Population Bomb born?,"May 29, 1932",0,0,0,0.0,0.0,0,1
When did the author of Annabel Lee enlist in the army?,1827,,,,0.0,,,,,,0.0,,,0.0,,0.0,,,,,0.0,,,,0.0,,,,,,,,0.0,,,,,0.0,,,,,,,,,,,,,0.0,0.0,,,,0.0,,,,,,0.0,,0.0,0.0,,,0.0,,,,,0.0,,,,,,0.0,,0.0,,,,,0.0,0.0,0.0,,,,,0.0,,,,,,0.0,,,,0.0,,,0.0,0.0,,,,,,,,,0.0,1.0,,,,,,,0.0,,,,,,0.0,,0.0,,,,,,,,,,,1.0,,,,,,,,0.0,,,,0.0,,,,0.0,,,,,0.0,,,0.0,1.0,0.0,When did the author of Annabel Lee enlist in the army?,1827,0,0,0,0.0,0.0,0,1
What was the religion of the inventor of the Polio vaccine?,Jewish,,1.0,,,,,0.0,,,,,,,,,,0.0,0.0,1.0,,,,,,,,,,,,,,,,,,,,,0.0,,,,,0.0,,,,,1.0,,,,,,,,0.0,,,,,,,,,0.0,,,,,,,,0.0,1.0,,,,0.0,,,,,,0.0,,,,,,0.0,,,,0.0,,,,,0.0,,,1.0,,,,,,1.0,,,0.0,,,,0.0,,,,,,0.0,,,,,,1.0,,1.0,,,,,,,,,,,1.0,,,,,,,,,1.0,,,,,,0.0,,,,,,,0.0,1.0,0.0,0.0,0.0,What was the religion of the inventor of the Polio vaccine?,Jewish,0,1,1,0.0,0.0,1,1
Who was the second wife of the founder of CNN?,Jane Shirley Smith,,,0.0,,,,,,,,,,,,,0.0,,,,,,,0.0,,,,,,,,0.0,,,0.0,0.0,,,,0.0,,,,,0.0,,,,,,0.0,0.0,,,,,,,,,,0.0,,,,,0.0,,,0.0,,,,,,,,,,,0.0,,,,,,,0.0,,,0.0,0.0,,,0.0,,,,,,0.0,,,,,,,,,0.0,,,,0.0,,,,,,,,,0.0,,,0.0,,,,0.0,,,,1.0,,,,,,0.0,,1.0,,,,,,,,,,,,,,0.0,,0.0,,,,,,,0.0,,0.0,0.0,0.0,Who was the second wife of the founder of CNN?,Jane Shirley Smith,0,0,0,0.0,0.0,0,0
When did the first prime minister of the Russian Empire come into office?,"November 6, 1905",,,,,,0.0,,0.0,,,,0.0,,0.0,,0.0,,,,,0.0,,,,0.0,0.0,,0.0,,,,,,,,,0.0,,,,,,0.0,0.0,0.0,,,,,,,,,0.0,,,,,,,0.0,0.0,,,,,,0.0,,,,,,,,,,,0.0,,,1.0,,0.0,,,0.0,,,,,,,,,0.0,,,,,,,0.0,0.0,,,,0.0,,,0.0,,,,,,,,,,0.0,0.0,,,0.0,,,,0.0,,,,,0.0,,,,,0.0,,,,0.0,0.0,,,,,,0.0,,,,0.0,,,,,0.0,,,,,0.0,,0.0,1.0,0.0,When did the first prime minister of the Russian Empire come into office?,"November 6, 1905",0,0,0,0.0,0.0,0,1
What is the primary male hormone derived from?,cholesterol,,,,0.0,,,,,,,,,,,,,,,0.0,,,,,,,,,,,0.0,,,,0.0,,0.0,,,,,0.0,0.0,,0.0,,,0.0,,,,,,,,,,,0.0,,,,,,,,,,0.0,,0.0,,0.0,,,,,,0.0,,0.0,,0.0,,,0.0,,0.0,0.0,0.0,,0.0,,,,,,0.0,,,,,1.0,,,,,,,,,,,,0.0,,,,,,,,,0.0,,,,,,,,,,1.0,1.0,,,,,,,0.0,,0.0,,,,,,,0.0,,,0.0,,,0.0,,,,,0.0,,,,,0.0,0.0,0.0,What is the primary male hormone derived from?,cholesterol,0,1,0,1.0,0.0,0,1
The Filipino statesman who established the government-in-exile during the outbreak of World War II was also the mayor of what city?,Quezon City,,,0.0,0.0,0.0,,,,,,,,,,0.0,,,,,,,0.0,0.0,,,,,,,,,,,,,0.0,,,,,,,,,,,,,,,,,,,0.0,,,,,,0.0,,0.0,,0.0,,,0.0,,,,,,,,0.0,,,,,,1.0,,,0.0,,,,,,0.0,,,,,,,0.0,,,,0.0,,,,0.0,,,,,,,,,,,,0.0,1.0,,1.0,,,,0.0,,,0.0,,,,,,,,,,,,,0.0,,,0.0,,,0.0,,,,0.0,,,,,,,0.0,,,,,0.0,,,0.0,0.0,0.0,The Filipino statesman who established the government-in-exile during the outbreak of World War II was also the mayor of what city?,Quezon City,0,0,0,0.0,0.0,0,1
Where was the person who shared the Nobel Prize in Physics in 1954 with Max Born born?,"Oranienburg, Germany",,,,,,,1.0,,,,,,,0.0,,,,,,0.0,,1.0,,,,,,,,,,0.0,,,,0.0,,,,,,,,,,1.0,,,,,,,,1.0,,,,,,0.0,1.0,1.0,,,,,,,0.0,,,,,,,0.0,,,,1.0,,,,0.0,,,,1.0,,,,,,,,,,0.0,,,,1.0,,,,,,,1.0,,,,,,,,,0.0,,1.0,,,,,,,,,1.0,,,,,,,1.0,,,,,,,,,1.0,,,,,,0.0,,1.0,,,,,,0.0,,0.0,,,,0.0,1.0,1.0,0.0,Where was the person who shared the Nobel Prize in Physics in 1954 with Max Born born?,"Oranienburg, Germany",0,1,0,0.0,0.0,0,1
When was the person who shared the Nobel Prize in Physics in 1954 with Max Born born?,"January 8, 1891",,,,,0.0,0.0,,,,,,,,,,0.0,,,,,,,,,0.0,,,,0.0,,,,,,,,,,,,0.0,,,0.0,,,,,,0.0,,,,,,,,,,,,,0.0,,,,,,,,0.0,,,,,,0.0,,,,,1.0,,0.0,,,,,0.0,,,,,,,,,,,0.0,,,,0.0,,,,,,,,0.0,0.0,,,,,,0.0,0.0,,,0.0,,0.0,,0.0,,,,,0.0,0.0,,0.0,0.0,,,,0.0,,,,,,,,,,,,0.0,,,,,,,0.0,0.0,,,,,,0.0,0.0,0.0,When was the person who shared the Nobel Prize in Physics in 1954 with Max Born born?,"January 8, 1891",0,1,0,0.0,0.0,0,1
What was the founding date of the university in which Plotonium was discovered?,"March 23, 1868",,,,,0.0,0.0,,,,,,,,,0.0,,,,,,,,0.0,0.0,,,,,,0.0,,,,,,,,0.0,,0.0,,0.0,,,0.0,,,,,,,,0.0,,,,,0.0,,,,,0.0,,,,0.0,,,,,0.0,,,,,,0.0,,,,,0.0,,0.0,,,,,,,,,,,,0.0,,0.0,,,,,,,0.0,,0.0,1.0,,,,,,0.0,,0.0,,,,,,,,,,,,,,0.0,,,,,,,0.0,,,,,,,,,0.0,,,,,,,,,1.0,,0.0,,,,0.0,,,,0.0,0.0,0.0,What was the founding date of the university in which Plotonium was discovered?,"March 23, 1868",0,1,0,0.0,0.0,0,0
The material out of which the Great Sphinx of Giza is made of is mainly composed of what mineral?,calcite,,0.0,,,,,,,,,,,,,,,,,0.0,,0.0,,,,,,,0.0,,,,,,,,,,0.0,,,,,,,,,,0.0,0.0,,0.0,0.0,,0.0,0.0,,,,,,,,,,,,,,,,,0.0,,,,,,,,,,1.0,,,,,,0.0,0.0,,,0.0,,,,0.0,,0.0,,,,,,0.0,,,0.0,,,,,0.0,,,,,,,,0.0,,,,0.0,,,,,,,,,,0.0,,,,,,,0.0,,,,,,,0.0,,,,,,0.0,,,,,,,0.0,,,,,0.0,0.0,0.0,The material out of which the Great Sphinx of Giza is made of is mainly composed of what mineral?,calcite,0,0,0,0.0,0.0,0,0
The husband of Lady Godiva was Earl of which Anglic kingdom?,Mercia,,,,0.0,,,,0.0,,,,,,,,,,0.0,,,0.0,0.0,,0.0,,,,,,,0.0,,,,,,,0.0,0.0,,,,,,,,,0.0,,,,0.0,,,,,,1.0,,,,,,0.0,,,,,0.0,,,,,,0.0,,,0.0,,,,,,,,,0.0,,0.0,,,,,,,,,,,0.0,,,0.0,,,0.0,,,0.0,,,,,,,,0.0,,,,,,0.0,,,,,,,,,1.0,,,0.0,0.0,0.0,,,0.0,,,,,,0.0,,,,,0.0,,,,0.0,,,,0.0,0.0,,,,,,0.0,1.0,0.0,The husband of Lady Godiva was Earl of which Anglic kingdom?,Mercia,0,1,1,1.0,0.0,1,1
The machine used to extract honey from honeycombs uses which physical force?,Centrifugal Force,,,,,,0.0,,,,,,1.0,,,,1.0,0.0,0.0,,,,,,,,0.0,,,,,,,0.0,0.0,,,,,0.0,,,,,,,,,,,,,,,1.0,0.0,,,,,,,0.0,,,,,,,,1.0,,,,,,,,,0.0,0.0,,,,,,0.0,0.0,,,,,,,,,,,0.0,,,,,0.0,,,,,,,,,,,0.0,,,,0.0,,0.0,,0.0,,,,,,,,,,,,0.0,,,,0.0,,0.0,,,,,,1.0,,,,0.0,,0.0,,,,,,,0.0,,1.0,,,,,1.0,1.0,0.0,The machine used to extract honey from honeycombs uses which physical force?,Centrifugal Force,1,1,0,0.0,1.0,1,1
What is the third letter of the top level domain of the military?,l,,,,,,,,1.0,,,,,,0.0,,0.0,,,,,1.0,,,,1.0,,,1.0,,,,,0.0,,,,,,,,,,,,,,1.0,,1.0,,,,0.0,,,,,,,,1.0,,,,,,,,,,0.0,,,,1.0,,1.0,,,,,,,1.0,,,,,,1.0,,,,,1.0,,,,,,,,,1.0,,,,1.0,0.0,,,0.0,,,,,,,1.0,,,,,,,,,,,1.0,0.0,,,,,,,,,0.0,,0.0,,,0.0,,0.0,,,,,,0.0,,,,,0.0,,0.0,,,,,,0.0,1.0,0.0,What is the third letter of the top level domain of the military?,l,1,0,0,0.0,0.0,0,0
In what year was the government department where the internet originated at founded?,1947,,,,,,,,,,,,,0.0,,,,,,0.0,,,,0.0,,,,,0.0,,,,0.0,,,,,,,,0.0,,,,,0.0,0.0,,,,,,,,0.0,,,,,,,,0.0,,,,,,,,0.0,0.0,,1.0,,,,,0.0,,,0.0,,,,,,0.0,0.0,,,,,,,,,,,0.0,,,,,,0.0,,,,,,,,,,,0.0,,,0.0,,,0.0,,0.0,,,,,,,0.0,,1.0,0.0,,,,,,,0.0,,0.0,,,,,,,,0.0,,,,,0.0,,,,0.0,,,0.0,,,0.0,0.0,0.0,In what year was the government department where the internet originated at founded?,1947,0,0,0,0.0,0.0,0,0
The main actor of Indiana Jones is a licensed what?,pilot,,,,,,1.0,0.0,,,,1.0,,,1.0,,,,,,,,,,0.0,,1.0,1.0,,,0.0,,,,,,0.0,,0.0,,,,,1.0,,1.0,0.0,0.0,,,,,,,,,0.0,,,,,,,,,,,,,,0.0,0.0,,,,,,0.0,,,0.0,,,,1.0,,,,1.0,,,,,0.0,0.0,,,,,,1.0,,1.0,,,,,,,,,1.0,0.0,,,,,,,,0.0,,0.0,,,,,,0.0,,1.0,,,,,1.0,,1.0,,,,,1.0,,,,1.0,,,,,,,,0.0,,,,,,,1.0,,,,1.0,0.0,0.0,0.0,The main actor of Indiana Jones is a licensed what?,pilot,0,1,0,0.0,0.0,1,0
When was the person after which the Hubble Space Telescope is named after born?,"November 20, 1889",,,,,,1.0,,,0.0,,,0.0,,,,0.0,,0.0,,0.0,,,,,,,,,,,0.0,,,,0.0,,0.0,,,,,,,,,,,,,,,,0.0,,,,,,,,,,,0.0,,,,,0.0,,0.0,,,,,,,0.0,,,,1.0,,,,0.0,,,,0.0,,,,,,,,,,0.0,,,,,,,,,,0.0,,,0.0,0.0,,,0.0,0.0,,,,,,,0.0,,,,,,,,,0.0,,,,,0.0,,,,,,,,,,,,,,,,0.0,,,,,,0.0,,,,,0.0,1.0,0.0,When was the person after which the Hubble Space Telescope is named after born?,"November 20, 1889",0,0,0,0.0,0.0,0,1
When did the person who gave the Checkers speech die?,"April 22, 1994",,1.0,,,,,0.0,,1.0,,,,,,,,,0.0,,0.0,,,,,,,,0.0,,0.0,0.0,,,,,,0.0,1.0,,,,,,0.0,,,,,,,,,,,,,0.0,,,,,,,0.0,,,,,,,,,0.0,,,1.0,0.0,,,,,,,,,,0.0,0.0,,,,,,0.0,,,,,0.0,,,0.0,,,,,,0.0,,,,,,,,,,,,,1.0,,0.0,,,,,,,,,,,,,1.0,,,,0.0,,,,,,,0.0,,,,,,,,,0.0,,0.0,,,,0.0,,,,0.0,1.0,0.0,When did the person who gave the Checkers speech die?,"April 22, 1994",0,0,0,0.0,0.0,0,1
When was the philosopher that formulated the hard problem of consciousness born?,"April 20, 1966",,,,0.0,,,,0.0,,,,0.0,,,,,,0.0,,,0.0,,0.0,,,,0.0,0.0,,0.0,,,,,,0.0,,,,,0.0,0.0,,,,,0.0,,,,,,0.0,,,0.0,,,,,,,,0.0,,,,,,,,0.0,,,,,,,,0.0,,,,0.0,,,,,,0.0,,,,,,0.0,,,,,,,,,,0.0,,,,,,,,,,0.0,,,1.0,0.0,,,,,,,0.0,,,,,0.0,,,,,,,0.0,,,,0.0,,,,,0.0,,,,,,0.0,,,,,,0.0,,,,0.0,,0.0,0.0,0.0,When was the philosopher that formulated the hard problem of consciousness born?,"April 20, 1966",0,0,0,0.0,0.0,0,1
What is the capital of the second largest state in the US by area?,Austin,,,,,,,,,,,1.0,1.0,1.0,,1.0,,,,,,,1.0,1.0,,,,,1.0,1.0,,,,,,,,,,1.0,,,1.0,1.0,,1.0,,,,,,,,1.0,,,1.0,,,,,,,,,,,,1.0,1.0,,,,,,,0.0,,,,0.0,,,,,,,0.0,,,1.0,,1.0,,,,,1.0,0.0,,,1.0,,,1.0,,1.0,,,,0.0,,,,,,,,1.0,,,,,,,,,,,,,,,,,1.0,,,1.0,,0.0,,,,,,,1.0,,,,,,,1.0,,,,,,,1.0,,,,,0.0,1.0,0.0,What is the capital of the second largest state in the US by area?,Austin,1,1,0,0.0,0.0,0,0
What is the maximum airspeed (in km/h) of the third fastest bird?,320 km/h,0.0,,,,0.0,,,0.0,,,,,,,,0.0,,,,,0.0,,,,,,,,0.0,0.0,,,,0.0,,,,,,0.0,0.0,,,,,0.0,,0.0,,,,0.0,,,,,0.0,0.0,,0.0,,,0.0,,,,,,,,,,,0.0,,,,0.0,,,,0.0,,,,,,,,,0.0,,0.0,,0.0,,,,,,0.0,,,0.0,,,,,,0.0,,0.0,0.0,,,,,0.0,,,,0.0,,,,,,,,,0.0,0.0,,,,,,,,,,0.0,,0.0,,,0.0,,,,,0.0,,,,0.0,,,,,0.0,,,,,0.0,0.0,0.0,What is the maximum airspeed (in km/h) of the third fastest bird?,320 km/h,0,0,0,0.0,0.0,0,0
Who founded the city where the founder of geometry lived?,Alexander the Great,,,,,,,,,,,,,,,,0.0,,,,0.0,,,,,,,,0.0,,0.0,,0.0,,,,,1.0,,,,,,,,,,,,0.0,,,,,,,,0.0,,,,,,,,,0.0,,,,,,,0.0,,0.0,1.0,,,,,,1.0,,,0.0,,,0.0,,,,,,,,,0.0,,,,,,,,,,,,,,,,0.0,,,,,,,0.0,,,,0.0,,,,,,,,,1.0,,,,,,0.0,,,,0.0,,,,,,,0.0,,,0.0,,,,0.0,,,,0.0,,,,,0.0,0.0,0.0,Who founded the city where the founder of geometry lived?,Alexander the Great,0,0,0,0.0,1.0,1,0
What is the capital of the country where yoga originated?,New Delhi,,1.0,,,,1.0,1.0,1.0,,,,,,1.0,,,,,,,,1.0,,,,,,1.0,1.0,,,,,,,,,,,,1.0,,,,,1.0,,,,,0.0,,,,,,,,,,1.0,,1.0,,,,,,1.0,,,0.0,,,,,,,,,,,,1.0,,,,,,,1.0,,,,,,,1.0,,1.0,1.0,,,,,,,1.0,,1.0,,,,,,1.0,,,,,,,,,1.0,,,1.0,,1.0,,,,,,,,0.0,,,,,,,1.0,,,,,,1.0,,,1.0,,,,,1.0,,,,,,1.0,0.0,1.0,0.0,What is the capital of the country where yoga originated?,New Delhi,1,1,0,0.0,1.0,1,1
The fourth largest city in Germany was originally called what?,Colonia Claudia Ara Agrippinensium,,,,,,,,,,,,,,,,,,0.0,0.0,,0.0,,,,,,0.0,,,,,0.0,,,,,,0.0,,0.0,,,,,,,,,,,,,0.0,,,,,,,,0.0,,,,,,,,0.0,0.0,,0.0,,,,,,,,0.0,0.0,,,,,0.0,0.0,,,,,0.0,,,0.0,,,,,,,,,,,,,0.0,,,,0.0,,,,,,0.0,,,,,,0.0,0.0,,0.0,,,,,,,,,,,,,,0.0,,,0.0,,0.0,,,,0.0,,0.0,,,,,,,,,,,,,0.0,0.0,0.0,0.0,The fourth largest city in Germany was originally called what?,Colonia Claudia Ara Agrippinensium,0,0,0,0.0,0.0,0,0
When did Nirvana's second most selling studio album come out?,"September 13, 1993",,0.0,,,0.0,,,,1.0,0.0,,,1.0,,,,,,,,0.0,,,,,,0.0,,,0.0,,,,0.0,,,,,,,,0.0,,,,0.0,,,0.0,,,,,,,1.0,,,,,,,,0.0,,,,,,0.0,,,,0.0,,,,,,0.0,,,,0.0,,,,,,0.0,,0.0,,,,,,,,0.0,,,,,0.0,,0.0,,,,,0.0,,,,,,,,0.0,,0.0,,,0.0,,0.0,,,,,,,,,0.0,,,,,,,,0.0,,,0.0,,,,,,0.0,,,0.0,,,,,,,0.0,,0.0,0.0,0.0,0.0,When did Nirvana's second most selling studio album come out?,"September 13, 1993",0,1,0,0.0,0.0,0,0
What was the job of the father of the founder of psychoanalysis?,wool merchant,,,,,,,,,,,0.0,,0.0,,,,,,,0.0,,0.0,,,,,,0.0,,0.0,,0.0,,,,,,0.0,0.0,,,,,,,,0.0,,,,,,0.0,,,0.0,,,0.0,,,,,,,,,0.0,,0.0,0.0,,,,,,0.0,,,,,,0.0,,0.0,,,,,0.0,,,,,,,1.0,,,,,,,,,,,0.0,,,,,,,,0.0,,,,0.0,0.0,,,0.0,,0.0,,,,,0.0,,,0.0,,,,,0.0,,,,,0.0,,,,,0.0,,0.0,,,,,,,,,,0.0,,,,,0.0,0.0,0.0,What was the job of the father of the founder of psychoanalysis?,wool merchant,1,1,0,0.0,0.0,0,1
How much protein in four boiled egg yolks?,10.8,,,,,0.0,0.0,,,,0.0,,,0.0,,,,,,,,0.0,,,0.0,,,0.0,,,,,,,0.0,,,,0.0,,0.0,,,0.0,,,,0.0,,,,,,0.0,,,,,,,0.0,,,,,,,0.0,0.0,,,,,,,,0.0,0.0,,,,,,0.0,0.0,,,,0.0,,,,0.0,,,,0.0,,,,,,,,,,,0.0,,0.0,,,,,,,,,,,,,,,0.0,,,,,,,,,,0.0,0.0,,0.0,0.0,,,,,,0.0,,,,,0.0,,,,0.0,,,,0.0,,,,,0.0,,,,0.0,0.0,0.0,How much protein in four boiled egg yolks?,10.8,0,0,0,0.0,0.0,0,0
What is the political party of the American president who entered into the Paris agreement?,Democratic Party,,,,0.0,,,,1.0,1.0,,,,,,1.0,1.0,,,,,,,,,0.0,,,,1.0,,1.0,,,1.0,,,1.0,1.0,,,,,,,,1.0,0.0,,,1.0,,,,,,,,,,,,,,1.0,1.0,,,,,,,,,,,,,,0.0,1.0,,,,,,0.0,,,,,1.0,,,1.0,1.0,,,1.0,,,,,,,,,1.0,,,,,,,,,,0.0,1.0,1.0,,,,,,,,1.0,,,,,,,,,,,,,,0.0,,1.0,0.0,,,,,1.0,,,,,1.0,,,,1.0,,,,,0.0,,,0.0,1.0,0.0,What is the political party of the American president who entered into the Paris agreement?,Democratic Party,0,1,1,1.0,1.0,1,1
The most populous city in Punjab is how large (area wise)?,310 square kilometers,,0.0,,,,,,0.0,,,0.0,,,,,,,0.0,,,,,,0.0,,,,,,0.0,0.0,0.0,,,,,,,,0.0,,,,,,,,,,0.0,0.0,,,,0.0,0.0,,,0.0,,,,,,,,,,,,0.0,,,,0.0,,,,,,,,,,0.0,,,,,0.0,,0.0,,,,,,,,0.0,,,,,,0.0,,,,,,,0.0,,,,0.0,0.0,,,0.0,,,,0.0,,,,0.0,0.0,,,,0.0,0.0,0.0,,,,,,,,,0.0,,,,0.0,,,,0.0,,,,,,,,,,,0.0,,0.0,0.0,0.0,The most populous city in Punjab is how large (area wise)?,310 square kilometers,0,0,0,0.0,0.0,0,0
What was the death toll of the second largest volcanic eruption in the 20th century?,847,,,,,,0.0,,0.0,0.0,,,,,,,,,0.0,,,,,,,,,,,,,,,,,,,,0.0,,0.0,,,0.0,,,,,,,,,,,,,0.0,,,,0.0,,,,,0.0,,,,,,,,,,,0.0,,0.0,,,,,0.0,,,0.0,,,0.0,,0.0,,,,,,,,,0.0,,,,0.0,,,,,,,0.0,,,0.0,,,,,,,,,,,,,,,,,,,,,,,,,0.0,,0.0,,,,,0.0,0.0,,,,,,,,,0.0,,,,,,0.0,,,,0.0,0.0,0.0,What was the death toll of the second largest volcanic eruption in the 20th century?,847,0,0,0,0.0,0.0,0,0
What was the death toll of the most intense Atlantic hurricane?,52,,,,,,0.0,,,,,,,,0.0,,,0.0,,0.0,,,,,,,,,,0.0,,0.0,,,,,,,,,,0.0,,,,0.0,0.0,,,,,0.0,,,,,,,,0.0,,,,,,0.0,,,,0.0,0.0,,,,0.0,,,,,0.0,,0.0,,,,,,,,0.0,,,,,,,,0.0,,,,,,,,,,0.0,,0.0,,0.0,,,0.0,,,,,,,,,,,0.0,,,0.0,,,,,0.0,,,,,,,,0.0,,,0.0,0.0,,,0.0,,,,,,,0.0,,,0.0,,,,0.0,,,,0.0,0.0,0.0,What was the death toll of the most intense Atlantic hurricane?,52,0,0,0,0.0,0.0,0,0
Who was the head of NASA during Apollo 11?,Thomas O. Paine,,0.0,,,0.0,,,0.0,,1.0,,,,,,,,,,,,,,,0.0,,,,,,,0.0,,,,0.0,,,,,,,,,,,,0.0,,,0.0,0.0,0.0,,,,,,,,,,,,,,0.0,,,,,,,0.0,0.0,,0.0,,,,,,,,,,,,,,,,,,,0.0,,,,,,,0.0,,,0.0,0.0,,,,,,,,0.0,,,,,,,,,,,,,,0.0,,,,,,0.0,,,,,0.0,,1.0,,,,,,,,,,,0.0,,,,,,,0.0,0.0,,,,,0.0,1.0,0.0,Who was the head of NASA during Apollo 11?,Thomas O. Paine,0,1,0,0.0,0.0,1,0
Who is the father of the father of George Washington?,Lawrence Washington,,,,1.0,,,1.0,,1.0,1.0,,,1.0,,,,,,,0.0,,,,0.0,,,,,,,,,0.0,,,1.0,,0.0,,,,,,,,,,,,,,0.0,0.0,,,,,,,,,0.0,0.0,,,,,,,,,0.0,,,0.0,,,,0.0,,,,,,0.0,0.0,,,,,,0.0,0.0,,,,,,0.0,0.0,,,,,0.0,,,,,,,,0.0,,,,,0.0,,,,,0.0,,,,,,,,,,,0.0,0.0,,,,,,,,0.0,,,0.0,0.0,,,,,,0.0,,,,,,,,,0.0,,,,0.0,0.0,0.0,Who is the father of the father of George Washington?,Lawrence Washington,0,0,0,0.0,0.0,1,0
Who is the mother of the father of George Washington?,Mildred Warner,,,,,,,0.0,,,,,0.0,,,,,,,,,,0.0,,,,,0.0,,,,,,,,0.0,0.0,,,,,,,,,,,,0.0,0.0,0.0,0.0,,,,,0.0,,,,1.0,,,,,,,,,,,0.0,,,,,,0.0,,,,,,,0.0,,,,0.0,,0.0,,0.0,0.0,,0.0,,,,,,0.0,,,0.0,0.0,,,,,,,,0.0,,0.0,0.0,,,,,,,,,,,,,0.0,,,,,,,,,0.0,,,,,,,,0.0,0.0,,,,,0.0,,,,,,0.0,,,0.0,,,,,0.0,0.0,0.0,Who is the mother of the father of George Washington?,Mildred Warner,0,0,0,0.0,0.0,0,0
Who is the father of the father of Barack Obama?,Hussein Onyango Obama,,0.0,,,,,,,,,0.0,,,,,0.0,0.0,,,,,,,,,0.0,,,,,0.0,,,,,,,,,,,0.0,1.0,,,,,,0.0,,,,,,,,,,,,,,0.0,,,,0.0,,,,0.0,,0.0,,,,,,,,,,,,0.0,,,,,,,,,,,,0.0,,,,,,0.0,,0.0,,,0.0,,,0.0,,,,,,,,,,,,,,,0.0,,,,,0.0,,,1.0,,,0.0,,,,1.0,,,,,0.0,,,,0.0,,,,0.0,,,,,,,,0.0,,,,0.0,1.0,0.0,Who is the father of the father of Barack Obama?,Hussein Onyango Obama,0,0,0,0.0,1.0,1,0
Who is the mother of the father of Barack Obama?,Habiba Akumu Nyanjango,,,,,,0.0,0.0,,,,0.0,,,,,,,,0.0,,,,,,,,,,,,0.0,,,,0.0,,0.0,,,,,,,,,0.0,,,,,,,,,,,0.0,,,,0.0,,,,,0.0,,,0.0,,,,,,,0.0,0.0,,,,0.0,0.0,0.0,,,,,,,,,,,,0.0,,,,,,,,,,0.0,,,,,,,,,,,,,,,,,,0.0,,,,,0.0,,,,,0.0,,,,,,,,1.0,,,,0.0,0.0,,0.0,,,,,,,0.0,,,,0.0,,,,0.0,,,0.0,0.0,0.0,Who is the mother of the father of Barack Obama?,Habiba Akumu Nyanjango,0,0,0,0.0,0.0,0,0
Who was mayor of New York City when Fiorello H. La Guardia was born?,William Russell Grace,,,0.0,,,,,,,,,0.0,,0.0,,,,,0.0,,,,,,,0.0,,,,,,,0.0,,0.0,,0.0,,,,,0.0,0.0,,,,,,,,0.0,,,,0.0,,,,,,,,,,,,,,,0.0,,,0.0,,,,0.0,,0.0,,,,,,,0.0,,,0.0,,0.0,,,,0.0,0.0,,,0.0,,,,,,,,,0.0,,,,,,,,0.0,0.0,,,,0.0,,,,0.0,,0.0,,,,,0.0,,,,,,,,,,0.0,,,,,,0.0,,,,,0.0,,,0.0,,,,0.0,,,,,,0.0,0.0,0.0,Who was mayor of New York City when Fiorello H. La Guardia was born?,William Russell Grace,0,0,0,0.0,0.0,0,0
Who was president of the U.S. when superconductivity was discovered?,William Howard Taft,,,,,,1.0,,,1.0,,,,,,,,,,,,,,,0.0,,0.0,,,,,,,,,,,,,,0.0,,,,,,,,0.0,,,0.0,,0.0,,,,0.0,,,0.0,0.0,,,0.0,,,0.0,,,,,,,0.0,0.0,,,,0.0,,0.0,,,,,,0.0,,,,0.0,,,,0.0,,,,,,,0.0,,,,0.0,,,,,0.0,0.0,0.0,,,,0.0,,,,0.0,,,,,,,,,,0.0,0.0,1.0,,,,0.0,,,,0.0,,,,,,,,0.0,,,,0.0,,,,,,,,,,,0.0,,0.0,0.0,0.0,Who was president of the U.S. when superconductivity was discovered?,William Howard Taft,0,0,0,0.0,0.0,0,0
When was the person Russ Hanneman is based on born?,"July 31, 1958",,,,,,0.0,,0.0,0.0,,0.0,0.0,,0.0,,,,,0.0,,0.0,,,,,,,,,,,0.0,,,0.0,,,,0.0,,,,,,0.0,,,,,,,,,,,,,,,,,,0.0,,,,,,,,,,,,,0.0,,,,,,,0.0,,,,0.0,,,,,,,,,,0.0,,,,,,,,,,,,,0.0,,,0.0,,,,0.0,,1.0,,,,0.0,,0.0,,1.0,,,,,,,,,,,,,,,0.0,,,,,,,,,0.0,,0.0,,,,0.0,,,,,,,0.0,,0.0,0.0,0.0,When was the person Russ Hanneman is based on born?,"July 31, 1958",0,0,0,0.0,0.0,0,1
When was the first location of the world's largest coffeehouse chain opened?,"March 30, 1971",,,,,0.0,,,,,,,,1.0,,0.0,,,,,,1.0,,,,0.0,,0.0,,0.0,,,,0.0,0.0,,,,0.0,0.0,,,0.0,,,,,,,,,,0.0,0.0,,,,,,,,,,,0.0,0.0,,,0.0,,,,,,0.0,,,,,,,,,0.0,,,0.0,,,,,,,,,,,,0.0,,,,,,,,,,,,,0.0,,,,,,,,,,1.0,1.0,,,,,,,,,,,1.0,,,,,,,,,0.0,,,0.0,,0.0,,,,,,0.0,,,,0.0,,,,0.0,,,,0.0,1.0,0.0,0.0,When was the first location of the world's largest coffeehouse chain opened?,"March 30, 1971",0,1,0,0.0,0.0,0,0
Who directed the highest grossing film?,James Cameroon,,,,,,1.0,1.0,,,,,1.0,,,,1.0,,1.0,,,1.0,,0.0,,,,,,,,,,,,1.0,,,,1.0,,,,,,,1.0,1.0,,1.0,,,1.0,,1.0,,,,,,1.0,,,,,,0.0,,,1.0,,,,,,,,1.0,,,,,,1.0,,,,,,,,,1.0,,,1.0,,,,1.0,,,,,,0.0,1.0,,,,0.0,,,,,,,,1.0,,0.0,,,,1.0,,1.0,,0.0,,,,,,1.0,1.0,0.0,,,,,,,1.0,,,,,,,,1.0,,,,,0.0,0.0,,,,,,,1.0,0.0,1.0,1.0,0.0,Who directed the highest grossing film?,James Cameroon,1,1,1,1.0,1.0,1,1
When was the longest bridge in the world opened?,30 June 2011,,0.0,,,,,,0.0,,,,,,,,,,,,,,0.0,0.0,,,,,,0.0,,0.0,,,,,0.0,,,,,,,,,,0.0,,,,,0.0,0.0,,,,,,,,,,,,0.0,,,,,,,,,,,,0.0,,,,,,,,,0.0,0.0,,,,,,,,,,,,0.0,,,,,0.0,,,,,1.0,,,,0.0,,,,,0.0,0.0,,,,,,,,0.0,,,,,,,1.0,0.0,,,,1.0,,,,,,0.0,0.0,0.0,,,0.0,,,,,0.0,,,,0.0,,,,0.0,,,,0.0,0.0,0.0,When was the longest bridge in the world opened?,30 June 2011,0,1,0,0.0,0.0,0,0
Which company was responsible for the largest pharmaceutical settlement?,GlaxoSmithKline,,,0.0,,,0.0,,0.0,,,0.0,,,,0.0,,,,0.0,,,,,,,,,,,,,,,,,,0.0,,,,,,,,,,,,,,,,,,,,,,,,,,,,,,,,0.0,,,,0.0,,,,,0.0,,,0.0,,,,,0.0,,,,,0.0,,,0.0,,,0.0,,,,,,,0.0,,,0.0,,0.0,,,,,0.0,,,,0.0,,,,,0.0,,,,0.0,,,,,,1.0,,,,0.0,0.0,,,,,0.0,,,,,,,0.0,0.0,,,,,,0.0,,,,,,0.0,,,0.0,0.0,0.0,Which company was responsible for the largest pharmaceutical settlement?,GlaxoSmithKline,0,0,0,0.0,0.0,0,0
In what year was the tallest self-supporting tower completed?,2012,,,0.0,,,,,0.0,,,1.0,,,0.0,,,,,,,,,,0.0,,,0.0,0.0,,,,,,,,,,,,0.0,,,0.0,,,0.0,,,,,,,,,,,,0.0,,,,,,,,,,0.0,,0.0,0.0,,1.0,,,,,,,,,0.0,,,,,,,,,,0.0,,,0.0,,,,,,,,,,,,0.0,,,0.0,,,,,,,,,,,,0.0,,,,,,,,0.0,,,,,0.0,,,,,,0.0,,,,,,,0.0,,,,,,,0.0,,,,0.0,,,,0.0,,,0.0,0.0,0.0,In what year was the tallest self-supporting tower completed?,2012,0,0,0,0.0,0.0,0,1
In what year was the tallest fixed steel structure completed?,1988,,,,0.0,,,0.0,,,0.0,0.0,,,,,0.0,0.0,0.0,,0.0,,,,,,,,0.0,,,0.0,,,,,,0.0,,,,,,,,,0.0,,,,,,0.0,,,,,0.0,0.0,0.0,,,,0.0,,,,,,,,,0.0,,,,,,0.0,,,,,0.0,,0.0,,,,0.0,,,,,0.0,,,,,0.0,,,,0.0,,0.0,,0.0,,,0.0,,,,,,0.0,0.0,,0.0,,,,,,,,0.0,,,,,,,,,,,0.0,0.0,,,,0.0,,,,,0.0,,,,0.0,,,,,,,0.0,,,,0.0,,,0.0,0.0,0.0,In what year was the tallest fixed steel structure completed?,1988,0,0,0,0.0,0.0,0,0
In what year was the tallest lattice tower completed?,2012,,0.0,0.0,,,,,,,,,,,,,,0.0,0.0,,,,0.0,,,,,,,0.0,,,,,,,,0.0,,,,,,,,0.0,0.0,,,,,,0.0,,,,,0.0,,,,,0.0,,,,,,,,,0.0,,,,,,,,0.0,,0.0,,,,,0.0,,,,,,,0.0,,,0.0,,,,,,,,,,,,,,,,0.0,,0.0,,,,,,0.0,0.0,0.0,,,,,0.0,,0.0,,,,0.0,,,,,,,,0.0,,0.0,,,,,0.0,,,0.0,,,,,,,,0.0,,,,,1.0,,0.0,0.0,0.0,In what year was the tallest lattice tower completed?,2012,0,0,0,0.0,0.0,0,1
In what year was the current tallest wooden lattice tower completed?,1935,,0.0,,,0.0,,,,,0.0,0.0,,,0.0,,,,,,,,,,,,,,,,,,0.0,0.0,,,,,,,,,,,,,,,0.0,0.0,,,,,,,,,,,,0.0,,,0.0,,,,,,0.0,,,0.0,0.0,,,0.0,,,,,,,,,,0.0,,,0.0,,0.0,,,0.0,,,,,,,0.0,,,,,,,0.0,,,,,,,,0.0,,,,0.0,,0.0,,0.0,0.0,,0.0,,,,,,,,0.0,,,,,,,,,,,0.0,,,,,,0.0,,,,0.0,,,0.0,,,,,,0.0,0.0,0.0,In what year was the current tallest wooden lattice tower completed?,1935,0,0,0,0.0,0.0,0,0
In what country is the second tallest statue in the world?,China,,,0.0,0.0,,,,,0.0,,0.0,,,0.0,,,0.0,,,,,,,0.0,,,,,0.0,,,0.0,,,,0.0,,,,,,,,,,,,0.0,0.0,,,,,,1.0,,,,,,,0.0,,0.0,,,,,,,,,1.0,1.0,,,,0.0,,,,,,0.0,,0.0,,,,,,,,,,,0.0,,,,,,0.0,,,0.0,,0.0,,0.0,,,,1.0,,,,,,0.0,,,0.0,,,,,,,,,,1.0,,,,0.0,,,,0.0,,,0.0,,,,,0.0,,,1.0,,,,,,,,0.0,,1.0,,,,0.0,1.0,0.0,In what country is the second tallest statue in the world?,China,1,0,0,0.0,0.0,1,0
When was the tallest ferris wheel in the world completed?,2021,,,,0.0,,,0.0,,,0.0,,,,,,,,,,,,,0.0,0.0,,,0.0,,,,0.0,,,,,,0.0,,,,,,,,,,,,,,0.0,,,,,,0.0,,,,0.0,,0.0,,,,,,,,,,,,,,,0.0,0.0,0.0,,,,,0.0,,,,,,,,,,,,,,,0.0,,,0.0,,,,,0.0,,0.0,,,,,0.0,,0.0,,,,,0.0,,,,0.0,,0.0,,1.0,,,1.0,,,,0.0,,,,1.0,,,,0.0,,,,0.0,,,,,0.0,,,0.0,,,,,0.0,,,,0.0,0.0,0.0,When was the tallest ferris wheel in the world completed?,2021,0,0,0,0.0,0.0,0,0
In what year was the tallest lighthouse completed?,1902,,,0.0,0.0,,,,,,,,0.0,0.0,0.0,,,,,,0.0,1.0,,,0.0,,,,0.0,,,0.0,0.0,,,,,,0.0,0.0,,,0.0,,0.0,,,,0.0,,,,,,,,,,,,,,0.0,,,,,0.0,,,,,,,,,,,,1.0,0.0,,,,0.0,,,,,,0.0,,,0.0,0.0,,,,,0.0,,,0.0,,,0.0,,,,,,,,0.0,,,0.0,,,,,0.0,0.0,,,,,,,,,0.0,0.0,,,,,,,,,,0.0,,,,,,0.0,,,,,0.0,,,,,,,0.0,,,,,0.0,0.0,0.0,0.0,In what year was the tallest lighthouse completed?,1902,0,0,0,0.0,0.0,1,0
In what country is the world largest desalination plant?,Saudi Arabia,,,,0.0,,,,,,,,,0.0,1.0,,,,,,,,,,1.0,,0.0,,,0.0,,,,,0.0,,0.0,,,,,,,,,,,0.0,,,,,,,,,,,,,0.0,,,,0.0,,,,,,,,,,0.0,,,,,,,0.0,1.0,,,,,,,,,,,0.0,0.0,,0.0,,,,,0.0,,,,,,,,,,,,,,,,,,1.0,0.0,,,,,,,1.0,,1.0,1.0,,,,,,,,0.0,,,,,,,,,,,,0.0,,,,0.0,,,,1.0,,,0.0,,,,,1.0,1.0,0.0,In what country is the world largest desalination plant?,Saudi Arabia,1,0,1,0.0,1.0,1,1
The most populous national capital city was established in what year?,1045 BC,,,,,,,,0.0,,,,0.0,,,,,,,0.0,,0.0,,,,,0.0,,,0.0,,0.0,,,,,0.0,,,,,0.0,0.0,,0.0,,,,,,0.0,,,,,,,,,,,,0.0,,,,,,,,,0.0,,,,,,0.0,,,,0.0,,,,,,,0.0,,,,,,,,,,,,0.0,,,0.0,,0.0,0.0,,,,,,0.0,,,,,,,,,,,,,,0.0,,0.0,,1.0,,,,0.0,,,,,0.0,,,,,,,0.0,,,0.0,,,,,,,0.0,,0.0,,,,,0.0,,,0.0,0.0,0.0,The most populous national capital city was established in what year?,1045 BC,0,0,0,0.0,0.0,0,1
The third largest river (by discharge) in the world is in what countries?,India and Bangladesh,,,,0.0,,,0.0,0.0,0.0,,0.0,0.0,,,,,,0.0,0.0,,,,,,,,,,,0.0,,,0.0,,,,,,,,0.0,,,0.0,,,,,0.0,,,0.0,,,0.0,,,,,,,,,,,0.0,,0.0,,,,0.0,,,,,,,,,,,,,,,0.0,0.0,,0.0,,,,,0.0,,,,,,0.0,,,,,,,,,,,0.0,0.0,,,,,,0.0,,,,,,0.0,0.0,,,,,,,,,,,,0.0,,0.0,,,0.0,,,0.0,0.0,,,,0.0,,,,,,0.0,,,,,,,0.0,,0.0,0.0,0.0,The third largest river (by discharge) in the world is in what countries?,India and Bangladesh,0,0,0,0.0,0.0,0,0
What is the highest elevation (in meters) of the second largest island in the world?,"4,884 m",,0.0,0.0,,0.0,,,,,,,,,,,0.0,,0.0,,0.0,,,,,,,,,,,0.0,,,0.0,,,0.0,,,,,,,,,,0.0,,,0.0,,,,,0.0,,0.0,,,,,,,,0.0,,0.0,,,,,,1.0,,0.0,,,,,,,,,,,,0.0,0.0,,,,,,,,,,,0.0,,,,,,0.0,,,,,,,,0.0,,,0.0,0.0,,,,0.0,,0.0,,,,,0.0,,,,0.0,,,,,,,,,,,,0.0,,,,,,,,,,,,0.0,,0.0,,,,,,0.0,,0.0,0.0,0.0,What is the highest elevation (in meters) of the second largest island in the world?,"4,884 m",0,1,0,0.0,0.0,0,1
What is the length of the second deepest river in the world?,"6,300 km",,,,0.0,,,0.0,,0.0,,,0.0,,,,,,,,,,0.0,,,0.0,0.0,,,,,,,,,,,,0.0,0.0,,,,0.0,,,,,0.0,,,,,0.0,0.0,,,0.0,,,,,,,,,,,,,0.0,,,1.0,,,0.0,0.0,,,,0.0,,,,,,,,0.0,,,,,0.0,,,,,,0.0,,0.0,,,,,,0.0,,,,,,,,0.0,,,,,,0.0,,,,,0.0,,0.0,0.0,,,,,,,,,,,0.0,,,,0.0,,,0.0,,,,,,0.0,,,0.0,,,,,,,0.0,,0.0,0.0,0.0,What is the length of the second deepest river in the world?,"6,300 km",0,0,0,0.0,0.0,0,0
In what country is the third largest stadium in the world?,United States,,,,,1.0,,0.0,,,0.0,,,,,0.0,,,,,,,,,,0.0,1.0,,,,,,,,0.0,1.0,0.0,,,,,,,,,0.0,,,,0.0,,,,,,0.0,,,,,,,0.0,,0.0,,0.0,,,,,,,,,0.0,0.0,,,,,0.0,,,,,1.0,,,0.0,,,,1.0,,0.0,,,,,,,1.0,,,,,,,,,,,0.0,,,,,,,,1.0,,,0.0,,,,,,,,0.0,0.0,,,,,,0.0,,,1.0,0.0,,,1.0,1.0,,,,,0.0,,,,0.0,,,,,,,0.0,,,0.0,0.0,0.0,In what country is the third largest stadium in the world?,United States,0,0,0,0.0,0.0,0,0
Who is the largest aircraft carrier in the world is named after?,Gerald R. Ford,,,,,,,,,,,,1.0,,,,,0.0,,,,,,,,,,,,,0.0,,,,,1.0,,,,,,,,,,,0.0,,0.0,0.0,,,,,,,0.0,,,,,,,,,,,,,,0.0,,0.0,,,,,,0.0,,0.0,,,,,1.0,0.0,,0.0,,,,,,,,0.0,,,,,0.0,,,,0.0,,,,0.0,,,,,,,0.0,0.0,,,,0.0,,,0.0,,,,,,,,,,,,,,0.0,,,,,,,0.0,,0.0,,,,0.0,,,,,,,,,,,,,0.0,0.0,0.0,1.0,0.0,Who is the largest aircraft carrier in the world is named after?,Gerald R. Ford,0,1,0,0.0,1.0,1,1
In what year did the oldest cat ever recorded with the Cat of the Year award?,1999,,0.0,,,,,,,,0.0,,,0.0,,0.0,,,,,0.0,0.0,,,0.0,,,0.0,,,,,,,,,,0.0,0.0,,,,,0.0,0.0,0.0,,,,,,,,,,,,,,,,,,0.0,,,,,0.0,,,,,,,0.0,,,,0.0,,,,,,,,,,0.0,,,,,0.0,0.0,,,0.0,,,,0.0,,0.0,,0.0,,,,0.0,,,,0.0,,,,0.0,1.0,,,,,,0.0,,,0.0,,,,,,,,0.0,,,,,,,0.0,,,,,,,0.0,,,,,0.0,,,,0.0,,,0.0,,,,0.0,0.0,0.0,In what year did the oldest cat ever recorded with the Cat of the Year award?,1999,0,0,0,0.0,0.0,0,0
In what year was the country that is the third largest exporter of coffee founded?,1810,,,0.0,,0.0,,,,,,,,,,0.0,,,,,0.0,,,,0.0,,,,0.0,,,,0.0,,,0.0,,,,,,0.0,,,,,,,0.0,,,,0.0,0.0,,,,,,,,,,0.0,,0.0,,,,,,0.0,,0.0,,,,,,,,,,,,,,,0.0,,,,0.0,,,,,,0.0,,0.0,,,,0.0,,,,,,,0.0,,,,,,,,,,0.0,,,,,,,,,0.0,0.0,,,,0.0,,0.0,,0.0,,,,,0.0,,,,,0.0,,,,,0.0,,,,0.0,,,0.0,,,,,0.0,0.0,0.0,In what year was the country that is the third largest exporter of coffee founded?,1810,0,0,0,0.0,0.0,0,0
Who was the commander for the space mission that had the first spacewalk?,Pavel Belyayev,,0.0,,0.0,,,,,,0.0,,,0.0,,0.0,0.0,,,,,,,,,0.0,,,,0.0,,,,,0.0,,0.0,,,,,,,,,,0.0,0.0,0.0,,,,,,,,,,,0.0,0.0,,,,,,,0.0,,,0.0,,,,,,,,,,,,,,,,,0.0,,,,,,,0.0,,,,0.0,0.0,,,,0.0,0.0,,,0.0,,,,,,,0.0,,,0.0,0.0,1.0,0.0,1.0,,,,,,,,,,0.0,,,,0.0,,0.0,0.0,,,,,0.0,,,,,,,0.0,,,,,,0.0,0.0,,,,,,,,0.0,0.0,0.0,0.0,Who was the commander for the space mission that had the first spacewalk?,Pavel Belyayev,0,0,0,0.0,0.0,1,0
Who is the predecessor of the longest-reigning British monarch?,"George VI
",,0.0,,,,,,,,,,,,,,0.0,,,,,,,,,0.0,,,1.0,,,0.0,,,,,,,,,1.0,,,,1.0,,,1.0,,,1.0,,,,0.0,0.0,0.0,,,0.0,,,,,,,1.0,,1.0,,,,1.0,,,,,,,,,0.0,1.0,,,,1.0,,,,,1.0,1.0,1.0,,,,0.0,,1.0,,,,,1.0,,,,0.0,,,,,,,0.0,,,,,,,,1.0,,,,,,1.0,,,,,,,1.0,,,,1.0,,,,,,0.0,,,,1.0,,1.0,,,,,,,1.0,,,,1.0,,,0.0,0.0,0.0,Who is the predecessor of the longest-reigning British monarch?,"George VI
",0,0,0,0.0,0.0,1,0
"In 2016, who was the host of the longest running talk show?",Jimmy Fallon,,,,,,,0.0,,,,,0.0,,,,,0.0,,,0.0,,,,,,,0.0,,,,,,,0.0,1.0,,,,0.0,,,,,,,,,0.0,,,,0.0,0.0,,,,,,,,,0.0,0.0,0.0,,,,,0.0,,,0.0,,,0.0,,,,,,,,,0.0,,,,,,,,,0.0,,,,0.0,,,,,0.0,,,,,,0.0,,0.0,,,,,,,,0.0,,,,,,,,,,,,1.0,0.0,,,,,,0.0,0.0,,1.0,,,,,,,,,,0.0,,,,,,1.0,,,0.0,,0.0,,,,,0.0,0.0,0.0,"In 2016, who was the host of the longest running talk show?",Jimmy Fallon,0,1,1,1.0,0.0,0,0
"In 2016, who was the host of the longest running American game show?",Drew Carey,,,,,0.0,,,,,,,,,0.0,,,,,,,,,,,,1.0,,,,,,,,0.0,,,,,0.0,,,,,,,0.0,,,,,,,,1.0,,,0.0,0.0,,1.0,,,,,,0.0,0.0,,,,0.0,,,,,,,,,,,1.0,,,0.0,,,,0.0,,,,1.0,,,,0.0,,,,,,,,,,,,0.0,,0.0,,,,,,0.0,,,,,,,,,,0.0,,,1.0,,,,,,0.0,,,,,,,,,,0.0,,,0.0,,0.0,,,,,,,,,,,,,,0.0,0.0,0.0,0.0,"In 2016, who was the host of the longest running American game show?",Drew Carey,0,0,0,0.0,0.0,0,0
Who wrote the novel on which the longest running show in Broadway history is based on?,Gaston Leroux,0.0,1.0,,,0.0,,,,1.0,1.0,,,,,1.0,0.0,,,,,,,,,,,0.0,,,0.0,,1.0,,,,,,,,,1.0,0.0,,,,,,,0.0,,0.0,,,,1.0,,,,,1.0,,,,0.0,,,,,,,,0.0,,,,,,1.0,,,0.0,,1.0,,,,,,,1.0,,,,0.0,,,0.0,0.0,,,,0.0,,,0.0,,,,0.0,,,,0.0,,,0.0,,,,0.0,,,,0.0,,,,,,,,,,,,,,,0.0,0.0,,,,,0.0,,,,,1.0,,0.0,,,,,,,,1.0,,0.0,,,,0.0,1.0,0.0,Who wrote the novel on which the longest running show in Broadway history is based on?,Gaston Leroux,0,1,0,0.0,0.0,0,1
In what country was the only cruise line that flies the American flag incorporated in?,Bermuda,,,,,,,0.0,,,,,,,,0.0,0.0,,,,0.0,,,,,,,0.0,,,,,,,,,,,0.0,0.0,,,,,,,,,,,,,0.0,,,,,,0.0,0.0,,,,,,0.0,0.0,0.0,0.0,,,,,,,0.0,,,,,,,,,,0.0,0.0,,,0.0,,,,0.0,,,0.0,,,,,,0.0,,,,,,0.0,,,,0.0,,,,,,,1.0,,,,,0.0,,,,0.0,,,,,,,,,,,,,,0.0,0.0,,,0.0,,,0.0,,,,,,0.0,,,,,0.0,,0.0,,,,0.0,0.0,0.0,In what country was the only cruise line that flies the American flag incorporated in?,Bermuda,0,1,0,0.0,0.0,0,1
In what year did work begin on the second longest road tunnel in the world?,1992,,,,,,,,0.0,,,,0.0,,0.0,,,,,,,,0.0,,,,,,,,,,0.0,,,,,,,0.0,,,,,,,,,,,,0.0,,0.0,,,,0.0,,0.0,,0.0,,,,,,,,,,,,,,,0.0,,0.0,,,,1.0,,,0.0,,,,,,,,,,,,,,,0.0,,,0.0,0.0,0.0,,0.0,,0.0,,0.0,,,,0.0,,,,,,,,,,0.0,0.0,,,,,,,,,,,,,,,,,,,,,,0.0,,,,0.0,,,,0.0,,,,,1.0,,,,,0.0,0.0,0.0,In what year did work begin on the second longest road tunnel in the world?,1992,0,0,0,0.0,0.0,0,0
What is the official color of the third oldest surviving university?,Cambridge Blue,,,0.0,0.0,,,,,,,,,1.0,,,,,,,,,0.0,1.0,,,,0.0,,,,,,0.0,,,,,,,0.0,,,,,0.0,0.0,,,0.0,,,,,,,,,,0.0,,0.0,0.0,,,,0.0,0.0,0.0,,,0.0,,,,,,0.0,,,,0.0,,,,,0.0,,,,,0.0,,,,0.0,,,,,,,1.0,,,,0.0,,,,,,,,,,0.0,,,,,,0.0,,0.0,,0.0,,,,,1.0,,,,0.0,,,0.0,,0.0,,,,,,,0.0,,,,,,,0.0,,,,,1.0,,,,,0.0,,1.0,1.0,0.0,What is the official color of the third oldest surviving university?,Cambridge Blue,0,0,0,0.0,0.0,0,0
Who succeeded the longest reigning Roman emperor?,Tiberius,,,,,0.0,0.0,,,0.0,,,,1.0,,,,,,,,,,0.0,,,,,,,0.0,,,0.0,,,,,,,,,,,,,,,,1.0,,,,0.0,,,,,1.0,,,,,,0.0,0.0,,,,,,,,1.0,,,0.0,,,0.0,,,,0.0,0.0,,,,,0.0,,,,,0.0,0.0,,,,,,0.0,,,0.0,,,,0.0,0.0,,,0.0,,,,0.0,,,0.0,,,0.0,,,,,,,0.0,,,,,1.0,,,,,,,,1.0,0.0,,,,,,,,,,,,0.0,,,,1.0,,,,,0.0,,0.0,0.0,0.0,Who succeeded the longest reigning Roman emperor?,Tiberius,0,1,0,0.0,0.0,0,0
Who preceded the Roman emperor that declared war on the sea?,Tiberius,,,0.0,0.0,0.0,,,,,,,,,,0.0,,,,0.0,,,,,,,,,0.0,,,,,,,,,,,,,,,0.0,,,,,,1.0,,,,,,0.0,0.0,0.0,,,,,0.0,,,0.0,,,,,0.0,,,,,,,,,0.0,,,,,,,,0.0,,0.0,,,0.0,,,,,,0.0,0.0,,,,,,,,,,,,,,,,0.0,,,,1.0,,,,,,,1.0,,,,,,,,,,,0.0,,0.0,,,,,,,,,,,,1.0,,,,0.0,,,,1.0,,,,0.0,,0.0,0.0,0.0,0.0,Who preceded the Roman emperor that declared war on the sea?,Tiberius,0,0,0,0.0,0.0,0,0
Who produced the longest running video game franchise?,MECC,,,,0.0,,,,,,,,0.0,0.0,,,,,0.0,,,,,,,,0.0,,,0.0,0.0,,,,,,,,,,,0.0,,,,,,,,,,,,,,,,,0.0,,,,,,,,,,,,0.0,,0.0,0.0,,,,,0.0,,,0.0,,,,,,,,0.0,,,,,,0.0,,,,,,0.0,,,,0.0,,0.0,,,0.0,,0.0,0.0,,,,,,,,,,,,,,0.0,,,0.0,,,,0.0,0.0,,,,0.0,,,,,,,,,,0.0,,,0.0,,,,,,,,0.0,,,,,0.0,0.0,0.0,0.0,Who produced the longest running video game franchise?,MECC,0,0,0,0.0,0.0,0,0
Who was the father of the father of psychoanalysis?,Jacob Freud,,1.0,,,1.0,,,,,1.0,,,,,0.0,,0.0,,1.0,,,,,,,1.0,,,1.0,,,,0.0,,1.0,,,,,,,,,,1.0,,1.0,,1.0,,,,1.0,1.0,,,,,1.0,,1.0,,,,,,,1.0,1.0,,,,,,,,,,,,,,0.0,,,,,1.0,,,,,,,,0.0,,,0.0,,,,,,,,1.0,,,,0.0,,,0.0,,,0.0,,,,,0.0,,,,,,0.0,,,,,1.0,0.0,,,,0.0,,,,,,0.0,,,,1.0,,,,,,,0.0,,,0.0,,0.0,,,,,,0.0,1.0,0.0,Who was the father of the father of psychoanalysis?,Jacob Freud,1,1,0,0.0,1.0,1,1
Who was the father of the father of empiricism?,Sir Nicholas Bacon,,,,,0.0,,0.0,,0.0,0.0,0.0,,,0.0,,,,,,,,,0.0,,,,,,,,0.0,0.0,,,,,,,,0.0,,,,,,,,,,,,,0.0,0.0,,,,,,,,0.0,,,,0.0,,,,,0.0,,,,,,0.0,,,,,,,1.0,,,0.0,,,,0.0,,,0.0,,,,,,0.0,,0.0,,,,,0.0,,,,,,,,,0.0,,,1.0,,,,,0.0,,0.0,,,,,,,,,,,0.0,,,,0.0,,,,0.0,,,,,,0.0,,,,0.0,,,0.0,,,,0.0,,,,0.0,0.0,0.0,Who was the father of the father of empiricism?,Sir Nicholas Bacon,0,0,0,0.0,0.0,0,0
Who is the father of the father of observational astronomy?,Vincenzo Galilei,,,,,,,,,,,,,1.0,,0.0,,,,1.0,,,,,,,,,,,0.0,,0.0,,,,,,,,0.0,0.0,,,,,,,,,,,,0.0,0.0,,0.0,1.0,,,1.0,,1.0,,1.0,1.0,,,,,,,,,,,,0.0,,1.0,0.0,,1.0,0.0,,,0.0,,,,,,0.0,,,,,,0.0,0.0,,,,0.0,,,,0.0,,,1.0,,1.0,,,,,,0.0,,,,,,,0.0,,,,,,1.0,,,,,1.0,,,,,,,,0.0,,,,0.0,,,,,0.0,,,,,0.0,,,,,,0.0,,0.0,1.0,0.0,Who is the father of the father of observational astronomy?,Vincenzo Galilei,0,0,0,0.0,0.0,0,0
Who is the father of the father of modern Hebrew?,Yehuda Leib,,0.0,,,,,,,,,,,0.0,,0.0,,,,,,0.0,,,0.0,0.0,0.0,,,,,,0.0,,,,,,,0.0,,,,,,,,,,,,0.0,,0.0,0.0,,0.0,,,,0.0,,,,,,0.0,,,,,,,,0.0,,,,0.0,,,,,,1.0,,,,,,,,,,,,,0.0,,,,,0.0,,,,0.0,,,,,,,0.0,0.0,,0.0,0.0,,,,,,,,,,,,0.0,,0.0,0.0,,,,,,,,,,,,,,0.0,,0.0,,,,,,0.0,,,,0.0,,,,,0.0,,,0.0,0.0,0.0,Who is the father of the father of modern Hebrew?,Yehuda Leib,0,0,0,0.0,0.0,0,0
Who is the father of the father of modern experimental psychology?,Maximilian Wundt,,,,,,,0.0,,,0.0,,,,,,,,,,,,,,0.0,,0.0,,,,,,,,0.0,0.0,,,,,0.0,,,0.0,,,,,,,0.0,0.0,,,0.0,0.0,,,,,,0.0,,,,,,0.0,,0.0,,,,0.0,,,,,,,,,,,,0.0,,,,0.0,,,,,,,0.0,,,,,0.0,,,,0.0,,,,,,0.0,,,,,,,,,0.0,,,0.0,,,,,,,,,,,,,,,,,,,,,0.0,,,,,,1.0,,0.0,,,,,,,,0.0,,,,,,0.0,0.0,0.0,Who is the father of the father of modern experimental psychology?,Maximilian Wundt,0,0,0,0.0,0.0,0,0
Who is the father of the originator of cybernetics?,Leo Wiener,,,,,,1.0,,,,,0.0,,,,,,0.0,,,0.0,,0.0,,,,,,,,,,,0.0,,,,0.0,0.0,,,,,,,,,0.0,0.0,0.0,,,,,,,,,0.0,1.0,,0.0,,,,,,0.0,,,0.0,,,,0.0,,,,,,,,,,1.0,,0.0,,0.0,,,,,,,0.0,,,,0.0,,,,,,,,,,0.0,,,,,0.0,,,,,,,0.0,0.0,,,,,,,,,0.0,,1.0,,,,,,0.0,,,,,0.0,,,,,,,1.0,,,,,,,0.0,,,0.0,,,,,0.0,0.0,0.0,Who is the father of the originator of cybernetics?,Leo Wiener,0,1,0,0.0,0.0,0,0
Who is the father of the father of the hydrogen bomb?,Max Teller,,,,,,,,,0.0,,,,,,0.0,0.0,0.0,,,,,,0.0,,,,0.0,,,,,,,,,0.0,,,,,,0.0,,,,,,,,,,,,,,0.0,,0.0,0.0,0.0,,,,,0.0,0.0,,0.0,,,,0.0,,,0.0,,,,,,,,,,1.0,,,0.0,,0.0,,,,,,,,,,1.0,0.0,,,,0.0,,,,,,,0.0,,,,,,0.0,,,,,,,,0.0,,,,1.0,,,,,,,0.0,,,0.0,,0.0,,,,0.0,,,,0.0,,0.0,,,,,,0.0,,,,,0.0,,,0.0,0.0,0.0,Who is the father of the father of the hydrogen bomb?,Max Teller,0,0,0,0.0,0.0,0,0
Who was the father of the father of computer science?,Julius Mathison Turing,,0.0,,,,,,,,,,0.0,,,,,,0.0,,,0.0,,,,,,,,,,0.0,,,,0.0,0.0,,,,,,0.0,,0.0,,,,,,,0.0,0.0,0.0,1.0,,,,,0.0,,,,,,,0.0,,,,,,0.0,,,,,,,1.0,,,1.0,,,1.0,,,,0.0,,,,,,,0.0,,0.0,,,,0.0,,,,,0.0,,,,0.0,,,,,,0.0,,,,,,,0.0,,,,,0.0,1.0,,,,,0.0,0.0,,,,,,,,,,,0.0,,,,,,,,0.0,,,,,0.0,,0.0,,,,0.0,0.0,0.0,Who was the father of the father of computer science?,Julius Mathison Turing,0,1,0,0.0,0.0,0,0
Who was the father of the father of behaviorism?,Pickens Butler Watson,,,,,,,0.0,,0.0,,0.0,,,,,,,0.0,,0.0,,0.0,,,,,0.0,,0.0,,,,,,,,,,,,,0.0,,,,,0.0,,0.0,,,,,,,,0.0,,,,,,,,,,,,0.0,,,0.0,,,,,,,,,,0.0,,,,,,,,,0.0,,0.0,,,,,,0.0,0.0,,,,,0.0,,,0.0,,,,,,,,,,,,,,,,,,,,0.0,,,,0.0,,,,,0.0,,,,,0.0,,0.0,,,0.0,,,,,,,0.0,,,,0.0,,,0.0,,,,0.0,0.0,0.0,0.0,Who was the father of the father of behaviorism?,Pickens Butler Watson,0,0,0,0.0,0.0,0,0
Who was the father of the founder of modern human anatomy?,Anders van Wesel,,,,,,,0.0,,,,,,,,,,,,,0.0,,,,0.0,,,,,,,,,,,,,0.0,,,,,,,,,,0.0,,,,,,,,,,,,,0.0,0.0,,,,0.0,,,,,,,0.0,,,,,,,,,,,,,,,,,,,,0.0,0.0,,,,,,,0.0,,0.0,,,,0.0,,,,0.0,,,,0.0,,0.0,0.0,,0.0,,,,,,,,0.0,,,,,,,,,0.0,0.0,,0.0,,,,,,0.0,,,,,0.0,,0.0,,,,,0.0,,,,,0.0,,,,0.0,0.0,0.0,Who was the father of the founder of modern human anatomy?,Anders van Wesel,0,0,0,0.0,0.0,0,0
What was the father of the last surviving Canadian father of Confederation?,Charles Tupper Sr.,,,,,,,0.0,,,,,,,0.0,,,,,,,,,0.0,,,0.0,,,,,,,0.0,,,0.0,,,,,,,,,,,,,,,,,,,,,,0.0,,,,,,,,,,,0.0,,,,,0.0,,,,,0.0,,,,,,,,,,0.0,,,,,,,0.0,,0.0,0.0,,,,,,,,,,,,,0.0,,0.0,,,,,,,,0.0,,,,,0.0,,,,,0.0,,,0.0,0.0,,,,,,,,,0.0,,,0.0,,,,,,,0.0,,,,0.0,,0.0,,,,,0.0,0.0,0.0,What was the father of the last surviving Canadian father of Confederation?,Charles Tupper Sr.,0,0,0,0.0,0.0,1,0
"When was the person who said “Now, I am become Death, the destroyer of worlds.” born?","April 22, 1904",,,,,,,,,,,,,,,,,0.0,,,,0.0,,,,0.0,,0.0,,,,,0.0,0.0,,,,,,,1.0,,0.0,,,,0.0,,0.0,,,0.0,,,,,,,,,,,,,,0.0,,,,0.0,0.0,,,,,,,,,,0.0,,,0.0,,,,,,,,0.0,,,,,,,,,0.0,,,,0.0,,,,,,,,,0.0,,,,,,,,,,,,,,,,,,0.0,,,,0.0,1.0,,,,0.0,,,,,0.0,,,1.0,,,,,,,0.0,,0.0,,,,,1.0,,,,0.0,1.0,0.0,"When was the person who said “Now, I am become Death, the destroyer of worlds.” born?","April 22, 1904",0,0,0,0.0,0.0,0,1
Who was the father of the father of information theory?,Claude Sr.,,0.0,,,,,,0.0,0.0,,0.0,,,,,,,,,,,0.0,,0.0,0.0,,,0.0,0.0,,0.0,,,,0.0,,0.0,,,,,,0.0,,,,,,,0.0,,,,,0.0,0.0,,,,,,0.0,,,,,,,,,,,,0.0,,,,0.0,,,0.0,,,,,,,,,,,,,0.0,,,,,0.0,,0.0,,,0.0,,,,,,,,,0.0,,0.0,,0.0,0.0,,,,,,,,0.0,,,0.0,,0.0,,,1.0,,,,,0.0,,,,0.0,,,0.0,,,,0.0,,,,,0.0,,0.0,,,,,,,0.0,,0.0,0.0,0.0,Who was the father of the father of information theory?,Claude Sr.,0,0,0,0.0,0.0,1,0
"When was the person who delivered the ""Quit India"" speech born?","October 2, 1869",,,,,0.0,,,,,0.0,,,,,,,,,,0.0,0.0,,,,,,,,,0.0,,,0.0,,0.0,,,,,0.0,,0.0,,,,,,0.0,,,,,,0.0,0.0,,0.0,,,,,,0.0,,,,,,,,0.0,,,,,,,0.0,,0.0,0.0,,,,,,,0.0,,,,,,,,,,,0.0,,,,0.0,,,,,,0.0,,,,,,,,,0.0,,,,,0.0,,,,,0.0,,,,,1.0,,,,,0.0,,,,,0.0,,,0.0,,0.0,,,0.0,,,,,0.0,,,,,,,,0.0,,0.0,1.0,0.0,"When was the person who delivered the ""Quit India"" speech born?","October 2, 1869",0,1,0,0.0,0.0,0,1
When did the president who warned about the military industrial complex die?,"March 28, 1969",,,,,,,0.0,,,,0.0,,,0.0,,,,,,,,,,0.0,0.0,0.0,,,,,,,,,,,,0.0,0.0,,,,0.0,,0.0,,,,,,,,,,0.0,,,,,0.0,,,0.0,,,,0.0,,,,0.0,,,,0.0,,,,,,,,,,,,,,,,0.0,,,,,,,,,1.0,,0.0,,,,,,,,,0.0,,0.0,0.0,,,,,,,,,,0.0,,0.0,,,,,,,,,,,,,,,,1.0,,,1.0,0.0,,,,,1.0,0.0,,,,,,,0.0,,0.0,,,,,0.0,1.0,0.0,When did the president who warned about the military industrial complex die?,"March 28, 1969",0,0,0,0.0,0.0,0,1
When did the president who said Tear Down This Wall die?,"June 5, 2004",,,,1.0,,,,,,,,,,,,,0.0,1.0,,0.0,,,,,,,0.0,,,,0.0,,,,,0.0,,1.0,,,,,,,,,,,,,,0.0,,,1.0,,0.0,1.0,0.0,,,,,0.0,,,,,0.0,,,,,,,,,,0.0,,,,0.0,,,,,0.0,,,0.0,0.0,,,,,0.0,,,,,,,,,0.0,,,,,,,,1.0,0.0,,0.0,,,,,,,,,,0.0,,,,,0.0,,,,,0.0,,,,1.0,,,,,,,,,,0.0,0.0,,,,,,0.0,,,0.0,,,,,0.0,1.0,0.0,When did the president who said Tear Down This Wall die?,"June 5, 2004",0,1,0,0.0,0.0,0,1
What is the lowest elevation of the longest railway tunnel?,312 m,,,0.0,,0.0,,,,,,,,,,,,,,,,,0.0,,,,,,0.0,,,,,,,,,,0.0,,,0.0,0.0,,,,,,,,,,,,0.0,0.0,,,,,,,,,,0.0,0.0,,,,,,0.0,,,,,,,,0.0,,,,,0.0,,,,,,,,0.0,,0.0,,,,,,0.0,,,,,0.0,,,0.0,,,0.0,,,,,,,1.0,,1.0,,0.0,0.0,,,0.0,,,,,0.0,0.0,,,,,,,,,0.0,,0.0,,,0.0,,,,,0.0,,,,0.0,,,,0.0,,,,,,0.0,0.0,0.0,What is the lowest elevation of the longest railway tunnel?,312 m,0,0,0,0.0,0.0,0,0
"When did the person who said ""Cogito, ergo sum."" die?","February 11, 1650",,,0.0,,,,,0.0,,,0.0,,,,,,,,0.0,,0.0,,,,0.0,,,,,,0.0,,,,,1.0,,,,,0.0,,,,,,0.0,0.0,,0.0,,,,,,,,,,,0.0,,,0.0,,1.0,,,,,,,,0.0,,,1.0,,,0.0,0.0,1.0,,,,,0.0,0.0,,,,,,,,,0.0,,,,,,0.0,,,,0.0,,,,0.0,,,,,,,,1.0,,,0.0,,0.0,,0.0,,,,,,,,,0.0,,,0.0,,,,,,,,,0.0,,,,,0.0,,,,0.0,,,,,,0.0,,,,0.0,1.0,0.0,"When did the person who said ""Cogito, ergo sum."" die?","February 11, 1650",0,0,0,0.0,0.0,0,0
When did the person who delivered the Gettysburg Address die?,"April 15, 1865",,,,,,0.0,,,,,,,,,,,1.0,,,,,,1.0,,,0.0,,,0.0,,,,,,,1.0,,,,,1.0,1.0,,0.0,,,,,,1.0,,1.0,1.0,,,,1.0,,,1.0,,1.0,,,1.0,,,,1.0,,,,,,,,,,0.0,,0.0,,,,,,,,,,,,,,1.0,,,,,,,,,,,,,,,,1.0,,,,,,,,,,1.0,,,,,0.0,,1.0,0.0,1.0,,,,1.0,,1.0,,,,,,,,,,,,,0.0,,1.0,,,,,,,,1.0,,,,,,1.0,0.0,1.0,0.0,When did the person who delivered the Gettysburg Address die?,"April 15, 1865",0,1,0,0.0,0.0,0,1
Who was governor of Florida during Hurricane Irma?,Rick Scott,,,,,,1.0,,,,0.0,,,,0.0,,,,,1.0,,,,,,,0.0,,,,,,,,,,0.0,,,,,,,,,,,,,,,,,,,0.0,,,,,,,,,,,,0.0,,,0.0,0.0,,0.0,,0.0,,,,,,,,,0.0,,,,0.0,,,,,0.0,,1.0,,,,,,,,0.0,,,,,,,,1.0,,0.0,,,,,,,,1.0,,0.0,,,,,,,,,0.0,,,,,1.0,,,,1.0,,,,,,,0.0,,,,,0.0,,,,,,0.0,,,,,0.0,0.0,1.0,1.0,0.0,Who was governor of Florida during Hurricane Irma?,Rick Scott,1,1,1,1.0,1.0,1,1
For which club did the winner of the 2007 Ballon d'Or play for in 2012?,Real Madrid,,,,,,,,,,,,,,,0.0,,,,1.0,,,,,,0.0,,,0.0,0.0,,,,,0.0,,,0.0,,,,,0.0,0.0,,,0.0,0.0,,,0.0,,0.0,,,,,,,,,,,0.0,,0.0,,,,,,1.0,,1.0,,1.0,,,,,,0.0,,,,,,0.0,,0.0,,,,,,,0.0,,,,,0.0,,,,,1.0,,,,1.0,0.0,,,,0.0,,,,,,,,,,,,,,,,,0.0,,,,,,,0.0,0.0,,,,,,,,,0.0,,,1.0,,,,,,,,0.0,,,,,0.0,0.0,0.0,0.0,For which club did the winner of the 2007 Ballon d'Or play for in 2012?,Real Madrid,0,0,0,0.0,1.0,1,0
What's the capital city of the country that was the champion of the 2010 World Cup?,Madrid,,,,,,,,,1.0,1.0,,,1.0,,,,,0.0,0.0,0.0,,,,,,,,,,,,,,,1.0,,,,,,0.0,,0.0,,,,,,1.0,,,,,,,,,,1.0,,,,,,,0.0,,,,,0.0,,,,,,,1.0,,,,,,,0.0,0.0,,,,,,,,,,,0.0,,,,1.0,,,,,,0.0,,0.0,,,,,,,,,,,,,0.0,,,,0.0,0.0,,0.0,,,,1.0,0.0,1.0,,,,,,,,,,,,,0.0,,,,,1.0,,,,,,,,,,1.0,,,0.0,1.0,0.0,What's the capital city of the country that was the champion of the 2010 World Cup?,Madrid,0,1,0,0.0,1.0,1,0
When was the anime studio that made Sword Art Online founded?,"May 9, 2005",,,0.0,,0.0,,,,0.0,,,,,0.0,,0.0,,,,,,,1.0,,,,0.0,,,0.0,,,,1.0,0.0,,0.0,,,,,0.0,,,,,,0.0,,,,1.0,,,,,0.0,,,0.0,,0.0,,,0.0,0.0,,,,,,0.0,,,,,,,,,,,0.0,,,,,,,,,,,0.0,,,,,,0.0,0.0,,,,,,,,,,,,,,,0.0,,,1.0,,,,,0.0,0.0,0.0,,,,,0.0,1.0,,,,,,,,0.0,,,,,,,,,0.0,,,0.0,,,,,,0.0,,,,,0.0,,,0.0,0.0,0.0,When was the anime studio that made Sword Art Online founded?,"May 9, 2005",0,0,0,0.0,0.0,0,0
Who was the first king of the longest Chinese dynasty?,King Wu of Zhou,,,,,,0.0,,,,,0.0,,,,,,0.0,0.0,,,,0.0,0.0,,,,,,,,,,0.0,,,,,,0.0,,,,0.0,,,0.0,0.0,,,0.0,,,,,,0.0,,,0.0,,,,0.0,0.0,,,0.0,,,,,,,,0.0,0.0,,,0.0,,,,,,,,,,,0.0,,0.0,,,,,,,,0.0,,,0.0,0.0,,,,0.0,,,,,,,0.0,,,,,,,,0.0,,,0.0,,,,0.0,0.0,0.0,,,,0.0,0.0,,,,,,0.0,,,,,0.0,,,,,0.0,,,,,,,,,,,,0.0,0.0,0.0,0.0,Who was the first king of the longest Chinese dynasty?,King Wu of Zhou,0,1,0,0.0,0.0,0,0
Who was the last emperor of the dynasty that succeeded the Song dynasty?,Toghon Temür,,,,,0.0,,,,,0.0,,,,0.0,,0.0,,,,0.0,0.0,,,,,,,0.0,,,,,0.0,,0.0,,0.0,,,,,,0.0,,0.0,,,,,,,,,0.0,0.0,,,,,,,,,,,,0.0,0.0,,,,,0.0,0.0,,,,0.0,,,,,,0.0,,,,,,,,,,0.0,,,,,0.0,,,,0.0,,,,,,0.0,0.0,,,,,0.0,,,,,0.0,,,,,,,,,0.0,1.0,,,,,,,,,,,,0.0,0.0,,,,,,,,,,,,,0.0,0.0,,,,,0.0,,,,0.0,0.0,0.0,Who was the last emperor of the dynasty that succeeded the Song dynasty?,Toghon Temür,0,1,0,0.0,0.0,0,0
What's the motto of the oldest California State university?,Powering Silicon Valley,,,0.0,,,,,,,,,,0.0,,0.0,0.0,,,,,,,0.0,,,,,,,,,,,,0.0,,,,,,0.0,,,0.0,,,,0.0,,0.0,,,,,,,,,,,,0.0,0.0,,,,0.0,,,,,,0.0,,,0.0,,,,,,0.0,,,,,,,0.0,0.0,,,0.0,,0.0,,,,,,,,,,0.0,,,0.0,,0.0,,,,,0.0,,,,,,,,,,0.0,,,,0.0,,,0.0,,,,,,,0.0,,1.0,,,,0.0,,0.0,,,,,,,,0.0,,,0.0,,,,0.0,,,,0.0,0.0,0.0,What's the motto of the oldest California State university?,Powering Silicon Valley,0,0,0,0.0,0.0,0,0
What's the capital of the state that the College of William & Mary is in?,Richmond,,,1.0,,,,,1.0,1.0,,,,,0.0,,,,,,,,1.0,0.0,,,,,,,,,,,,,,,,,,1.0,,0.0,0.0,,,,,0.0,,,,,,,1.0,1.0,1.0,1.0,1.0,,,,,1.0,,,,,,,0.0,,,,,0.0,,,,,,,1.0,,,,,,1.0,,1.0,0.0,,,,,,1.0,,0.0,,,,,1.0,,,,,,,,,1.0,,,,,,,,,0.0,,,,,,1.0,,1.0,,,1.0,1.0,0.0,,,,,,,,,0.0,,,,1.0,,,1.0,,,,1.0,,,,,,,1.0,,0.0,1.0,0.0,What's the capital of the state that the College of William & Mary is in?,Richmond,0,1,0,1.0,0.0,1,1
What's the capital of the state that Washington University in St. Louis is in?,Jefferson City,,,,,,,,,,,,1.0,,,,,,1.0,,,,,1.0,1.0,,,,,,1.0,,,,1.0,,,,,,,1.0,,,,1.0,,,,,1.0,,,,,,,,1.0,,,,,,,,,,,,1.0,,,1.0,,,1.0,,1.0,,,,1.0,,,,,,,,,,,,,,1.0,,,,,,,,,,,,,,,1.0,,,,,,,,1.0,1.0,,,,,,,1.0,,,,,,1.0,,,,,,,0.0,1.0,,,,,,,1.0,,,,,1.0,,,,1.0,,,,,,1.0,,,0.0,1.0,0.0,What's the capital of the state that Washington University in St. Louis is in?,Jefferson City,0,1,0,0.0,1.0,1,1
What's the capital of the state that Harvard University is in?,Boston,,,,,,,,,,,,,1.0,,,,,1.0,,,,1.0,,,1.0,,,1.0,,1.0,1.0,,,,1.0,,,,1.0,,,,,,,,,,,,1.0,1.0,,1.0,,,,1.0,,,,,,,,,,1.0,,,,,,1.0,,,,,,1.0,,,,,1.0,,,,,1.0,,,,1.0,,,1.0,0.0,,,,,,,,1.0,,,,1.0,1.0,,,1.0,,,,,,1.0,,,,,,,,,1.0,1.0,1.0,,,,,,,1.0,,,,,1.0,,,,,,,,1.0,,,,1.0,,,,,0.0,,,1.0,,,0.0,1.0,0.0,What's the capital of the state that Harvard University is in?,Boston,0,1,1,1.0,0.0,1,1
What's the capital of the state that the Space Needle is at?,Olympia,,,1.0,,,,,,1.0,1.0,,,,0.0,,,1.0,,,,,,1.0,,,,1.0,,,,,1.0,0.0,1.0,1.0,,,,,1.0,,1.0,,1.0,1.0,,,,,,1.0,,,,,1.0,,,,,,,0.0,,,,,1.0,,,,,,1.0,,,,,1.0,,,,,,0.0,,,,,,,,,,1.0,,,,,,,,0.0,,1.0,,1.0,,,,,1.0,,,,,,,1.0,,,,,1.0,,,,,,1.0,,,,,,,,,,,,1.0,,1.0,,,1.0,,,,,1.0,,,,,,1.0,,,,,1.0,,,0.0,1.0,0.0,What's the capital of the state that the Space Needle is at?,Olympia,0,1,0,0.0,0.0,0,1
Which team won in women's volleyball in the most recent Summer Olympics that was held in London?,Brazil,,0.0,0.0,,,,,,,,,,,0.0,,,,,,,0.0,,,0.0,,0.0,,,0.0,,,1.0,,0.0,,,,,,,0.0,,,0.0,,,,,0.0,,,,,,,,,,,,,0.0,,,,0.0,,0.0,,,,,1.0,,0.0,0.0,,,,,,,1.0,0.0,,,,,,,0.0,,,,,,0.0,,,,,,0.0,,,,,0.0,,0.0,0.0,,,,0.0,,,,,,,,0.0,,,0.0,,0.0,,,,0.0,,,,,0.0,,,,,,,,,,,,0.0,,,,,,,0.0,0.0,,,,,0.0,,,,0.0,1.0,0.0,Which team won in women's volleyball in the most recent Summer Olympics that was held in London?,Brazil,1,1,1,1.0,0.0,1,1
What is the nickname of the easternmost U.S. state?,Pine Tree State,,,1.0,,,,,,,0.0,,,,,,1.0,1.0,,,,1.0,,,,,,,,,,,,,,0.0,0.0,,,,,,,,,,,,,0.0,0.0,,,,1.0,,,1.0,,,,,,,,,,,,,0.0,,0.0,,,1.0,,,,0.0,,,,,,,1.0,,,,1.0,,,,1.0,,,,1.0,0.0,,,,,,,,0.0,,,,,1.0,,1.0,0.0,,,,0.0,,,,,0.0,,,,0.0,,,,,0.0,,,,,,,0.0,,,,,1.0,,,,0.0,,,,,1.0,,,,,,,,0.0,,,,0.0,1.0,0.0,What is the nickname of the easternmost U.S. state?,Pine Tree State,1,1,1,1.0,1.0,0,1
"What is the nickname for the state that is the home to the “Avocado Capital of the World""?",Golden State,,0.0,,,,,,0.0,,,,0.0,,,,,,0.0,,0.0,,,,1.0,,1.0,,,,,,,,,,,,,,1.0,,1.0,,0.0,,,1.0,,,,,,,,,,,,1.0,,0.0,,,,,,,1.0,0.0,,,,,,1.0,,,,,,0.0,,,,,,,,,,0.0,,1.0,,,1.0,,,,,,1.0,,0.0,,,,1.0,,,,,,,1.0,1.0,,,,,,,,,,,,,,,,,,,,,1.0,,,,,,,0.0,,,,,,,1.0,,,,1.0,,1.0,,,,0.0,,,,,0.0,1.0,0.0,"What is the nickname for the state that is the home to the “Avocado Capital of the World""?",Golden State,0,0,0,0.0,0.0,0,0
What rocket was used for the mission that landed the first humans on the moon?,Saturn V,,,0.0,,1.0,0.0,,,,,,0.0,,,,,,1.0,,,,0.0,,,,,0.0,0.0,0.0,0.0,0.0,,,,,,0.0,,,,1.0,,,,,,0.0,0.0,,,,0.0,,,,,,,,,,,,,,,0.0,,,0.0,,,,0.0,,,,1.0,,0.0,,1.0,,,,0.0,,,,,,,,,,0.0,,,,,,,0.0,,,,,,0.0,,,,,,,1.0,,,,0.0,,0.0,,,,,,,,,0.0,,1.0,,0.0,,,,,,1.0,,,0.0,,1.0,,,1.0,,,,,,0.0,,,,,1.0,,1.0,,,,0.0,1.0,0.0,What rocket was used for the mission that landed the first humans on the moon?,Saturn V,1,1,1,1.0,1.0,1,1
When did the war that Neil Armstrong served in end?,"July 27, 1953",,0.0,0.0,,,,,,1.0,,,,,,,0.0,,,,,,,,,,,,1.0,,,,,,0.0,,0.0,,,,,,0.0,0.0,,1.0,0.0,,,,,0.0,,,0.0,,0.0,,,0.0,,,,,,,,0.0,,,0.0,,,,0.0,,,0.0,,,,,,,,,,,,,0.0,,0.0,1.0,,0.0,,,,,,,,,,,0.0,,,,,0.0,0.0,,,,,,,,,,,,,,,,,,,0.0,0.0,,,1.0,,,,0.0,,,1.0,,,1.0,0.0,,,,0.0,,,,0.0,,,1.0,,,,,,1.0,,,0.0,1.0,0.0,When did the war that Neil Armstrong served in end?,"July 27, 1953",0,1,0,0.0,0.0,0,0
What is the nickname for the state that Mount Rainier is located in?,Evergreen State,1.0,,1.0,,,,,,,,0.0,,,,,,1.0,,,,,0.0,,,1.0,,,,,,,,0.0,,,,,,,0.0,,,0.0,,,,1.0,,,,,,,,,1.0,,1.0,,,,,,0.0,,,,,,,,,,,,1.0,,,0.0,,,,,1.0,,,1.0,,,,,,,,,,0.0,,,,,,,,,1.0,0.0,,,,,,,,,0.0,,,,,,1.0,,,,,0.0,,1.0,,,,,,,,,,,0.0,,0.0,1.0,,,,,,0.0,,,,,1.0,,,,,,,,,,,0.0,0.0,1.0,0.0,What is the nickname for the state that Mount Rainier is located in?,Evergreen State,0,1,1,1.0,1.0,1,1
When was the composer of Carol of the Bells born?,"December 13, 1877",,,,0.0,,,0.0,,,0.0,,,,,,,,,,,,,,,0.0,0.0,,,0.0,,,,0.0,,,,,0.0,0.0,,,,,0.0,0.0,,,,,,,0.0,,0.0,,,,0.0,,,,,,,,,,,,,,0.0,,,,,,0.0,,0.0,0.0,,0.0,,,0.0,,,,,,,,,,,0.0,,,,,,0.0,,,,,0.0,,,,,,,,0.0,,,,,,,0.0,0.0,,,,,,,,0.0,0.0,,,,,0.0,,,,,,,,,,,,0.0,,,0.0,,,,0.0,,,,,,0.0,,,0.0,1.0,0.0,When was the composer of Carol of the Bells born?,"December 13, 1877",0,1,0,0.0,0.0,0,1
Who is the father of the scientist at MIT that won the Queen Elizabeth Prize for Engineering in 2013?,Conway Berners-Lee,,,,,,0.0,,,,,,,0.0,,0.0,,,,,,,,,0.0,0.0,,,,,,,,0.0,0.0,,,,0.0,0.0,,,,0.0,0.0,,0.0,,,,0.0,,,,,,,,1.0,0.0,,,,,,,,,,0.0,,,,,,,0.0,0.0,,,,,,0.0,,,,,0.0,,,,,,0.0,,,,0.0,,,,0.0,,,0.0,,,,,0.0,,0.0,0.0,,,,,,,,,0.0,,,0.0,,,,0.0,,,,,,,,,0.0,,,,,,0.0,,,,,,0.0,,,,,0.0,,,,0.0,0.0,,,,,,0.0,0.0,0.0,Who is the father of the scientist at MIT that won the Queen Elizabeth Prize for Engineering in 2013?,Conway Berners-Lee,0,0,0,0.0,0.0,0,0
Who was the mother of the emperor of Japan during World War I?,Yanagiwara Naruko,,,0.0,0.0,,,,,,,,,,,,,0.0,,0.0,0.0,,,,,,,,,0.0,,,,,,,,0.0,,,,,,,0.0,0.0,,,,,,0.0,0.0,,0.0,,,,,,0.0,,,0.0,,0.0,,0.0,0.0,,,,,0.0,0.0,,,,,0.0,,,1.0,0.0,,,,,0.0,,,0.0,0.0,0.0,,,0.0,,,0.0,,,,,0.0,,,0.0,,,,,,,0.0,,,,,,0.0,0.0,0.0,,,,,,,,,,0.0,,,,,0.0,0.0,,0.0,,,,,,,,,0.0,,0.0,,,,,,,,0.0,,,,,,0.0,0.0,0.0,0.0,Who was the mother of the emperor of Japan during World War I?,Yanagiwara Naruko,0,0,0,0.0,0.0,0,0
Which element has an atomic number that is double that of hydrogen?,Helium,,,,,,,,,,,,,,,,,,,,,,,,,,,,,,,,,,,,,,,,,,,,,,,,,,,,,,,,,,,,,,,,,,,,,,,,,,,,,,,,,,,,,,,,,,,,,,,,,,,,,,,,,,,,,,,,,,,,,,,,,,,,,,,,,,,,,,,,,,,,,,,,,,,,,,,,,,,,,,,,,,,,,,1.0,1.0,0.0,Which element has an atomic number that is double that of hydrogen?,Helium,1,0,1,1.0,0.0,1,1
What was the motto of the Olympics that had Fuwa as the mascots?,"One World, One Dream",,,,,,,,,,,,,,,,,,,,,,,,,,,,,,,,,,,,,,,,,,,,,,,,,,,,,,,,,,,,,,,,,,,,,,,,,,,,,,,,,,,,,,,,,,,,,,,,,,,,,,,,,,,,,,,,,,,,,,,,,,,,,,,,,,,,,,,,,,,,,,,,,,,,,,,,,,,,,,,,,,,,,,0.0,1.0,0.0,What was the motto of the Olympics that had Fuwa as the mascots?,"One World, One Dream",0,1,0,0.0,1.0,1,1